timestamp,did,unr-file-name,unr-title,unr-desc,creator,date-inst,site-name,site-address,lat-lon,sign-manf,sign-owner,lit-unlit,time-day,subj-fast,print-pub,rights,format,dcmi,prov,proj-name,unr-cit,corr-guide,dig-pub,contrib,int-ext,rights-owner,date-img
7/3/2021 8:49:19,NNN000635,DSC_0192.Trip2.JPG; DSC_0193.Trip2.JPG; DSC_0196.Trip2.JPG; DSC_0197.Trip2.JPG,"Carson Nugget marquee sign, Carson City, Nevada","<p>View of  a flag mounted wall sign for the Castaway Inn directing guests to the office with unlit neon.</p><p>525 W 2nd St, Reno, NV 89503</p></br>","Durham, Will",1954,,"<p>507 N Carson St, Carson City, NV 89701</p>",,,,unlit,day,"Neon Sign -- http://id.worldcat.org/fast/1035830, Neon Lighting -- http://id.worldcat.org/fast/1035826, Neon Sculpture -- http://id.worldcat.org/fast/1035829, Casinos -- http://id.worldcat.org/fast/848246, Hotels -- http://id.worldcat.org/fast/961767",,https://creativecommons.org/licenses/by-nc/4.0/,image/jpeg,image,Digitized materials: physical originals are not held by UNLV Special Collections and Archives,Northern Nevada Neon,(TBD by UNLV),(TBD by UNLV),"University of Nevada, Las Vegas University Libraries",,Exterior,Will Durham,2020
,NNN000635-001,,,,,,,,,,,,,,,,,,,,,,,,,,
,NNN000635-002,,,,,,,,,,,,,,,,,,,,,,,,,,
,NNN000635-003,,,,,,,,,,,,,,,,,,,,,,,,,,
,NNN000635-004,,,,,,,,,,,,,,,,,,,,,,,,,,
7/3/2021 9:15:47,NNN000636,DSC_0199.Trip2.JPG,"Carson nugget wall mounted casino sign, Carson City, Nevada","<p>View of the mounted sign for the Centre Motel in Elko during the day and at night.</p><p>475 3rd St, Elko, NV 89801</p></br>","Durham, Will",1954,,"<p>507 N Carson St, Carson City, NV 89701</p>",,,,unlit,day,"Neon Sign -- http://id.worldcat.org/fast/1035830, Neon Lighting -- http://id.worldcat.org/fast/1035826, Neon Sculpture -- http://id.worldcat.org/fast/1035829, Casinos -- http://id.worldcat.org/fast/848246, Hotels -- http://id.worldcat.org/fast/961767",,https://creativecommons.org/licenses/by-nc/4.0/,image/jpeg,image,Digitized materials: physical originals are not held by UNLV Special Collections and Archives,Northern Nevada Neon,(TBD by UNLV),(TBD by UNLV),"University of Nevada, Las Vegas University Libraries",,Exterior,Will Durham,2020
,NNN000636-001,,,,,,,,,,,,,,,,,,,,,,,,,,
7/3/2021 9:38:30,NNN000637,DSC_0212.Trip2.JPG; DSC_0213.Trip2.JPG,"Carson Nugget wall mounted sign, Carson City, Nevada","<p>View of the roof mounted sign for the Centre Motel during the day and at night.</p><p>475 3rd St, Elko, NV 89801</p></br>","Durham, Will",1954,,"<p>507 N Carson St, Carson City, NV 89701</p>",,,,unlit,day,"Neon Sign -- http://id.worldcat.org/fast/1035830, Neon Lighting -- http://id.worldcat.org/fast/1035826, Neon Sculpture -- http://id.worldcat.org/fast/1035829, Casinos -- http://id.worldcat.org/fast/848246, Hotels -- http://id.worldcat.org/fast/961767",,https://creativecommons.org/licenses/by-nc/4.0/,image/jpeg,image,Digitized materials: physical originals are not held by UNLV Special Collections and Archives,Northern Nevada Neon,(TBD by UNLV),(TBD by UNLV),"University of Nevada, Las Vegas University Libraries",,Exterior,Will Durham,2020
,NNN000637-001,,,,,,,,,,,,,,,,,,,,,,,,,,
,NNN000637-002,,,,,,,,,,,,,,,,,,,,,,,,,,
7/3/2021 9:40:05,NNN000638,DSC_0239.Trip2.JPG; DSC_0240.Trip2.JPG,"Carson Nugget wall mounted sign, Carson City, Nevada",<p>View of the Chilton Centennial Tower during the day and at night.</p></br>,"Durham, Will",1954,,"<p>507 N Carson St, Carson City, NV 89701</p>",,,,unlit,day,"Neon Sign -- http://id.worldcat.org/fast/1035830, Neon Lighting -- http://id.worldcat.org/fast/1035826, Neon Sculpture -- http://id.worldcat.org/fast/1035829, Casinos -- http://id.worldcat.org/fast/848246, Hotels -- http://id.worldcat.org/fast/961767",,https://creativecommons.org/licenses/by-nc/4.0/,image/jpeg,image,Digitized materials: physical originals are not held by UNLV Special Collections and Archives,Northern Nevada Neon,(TBD by UNLV),(TBD by UNLV),"University of Nevada, Las Vegas University Libraries",,Exterior,Will Durham,2020
,NNN000638-001,,,,,,,,,,,,,,,,,,,,,,,,,,
,NNN000638-002,,,,,,,,,,,,,,,,,,,,,,,,,,
7/3/2021 10:01:25,NNN000639,DSC_0241.Trip2.JPG; DSC_0242.Trip2.JPG; DSC_0244.Trip2.JPG; DSC_0246.Trip2.JPG; DSC_0247.Trip2.JPG;  DSC_0249.Trip2.JPG,"Carson Nugget wall mounted signs, Carson City, Nevada","<p>View of the flag mounted wall sign for the Chocolate Walrus during the day with and without lit neon.</p><p>1278 S Virginia St, Reno, NV 89502</p></br>","Durham, Will",1954,,"<p>507 N Carson St, Carson City, NV 89701</p>",,,,"lit, unlit",day,"Neon Sign -- http://id.worldcat.org/fast/1035830, Neon Lighting -- http://id.worldcat.org/fast/1035826, Neon Sculpture -- http://id.worldcat.org/fast/1035829, Casinos -- http://id.worldcat.org/fast/848246, Hotels -- http://id.worldcat.org/fast/961767",,https://creativecommons.org/licenses/by-nc/4.0/,image/jpeg,image,Digitized materials: physical originals are not held by UNLV Special Collections and Archives,Northern Nevada Neon,(TBD by UNLV),(TBD by UNLV),"University of Nevada, Las Vegas University Libraries",,Exterior,Will Durham,2020
,NNN000639-001,,,,,,,,,,,,,,,,,,,,,,,,,,
,NNN000639-002,,,,,,,,,,,,,,,,,,,,,,,,,,
,NNN000639-003,,,,,,,,,,,,,,,,,,,,,,,,,,
,NNN000639-004,,,,,,,,,,,,,,,,,,,,,,,,,,
,NNN000639-005,,,,,,,,,,,,,,,,,,,,,,,,,,
,NNN000639-006,,,,,,,,,,,,,,,,,,,,,,,,,,
7/3/2021 10:48:52,NNN000640,DSC_0340.Trip2.JPG; DSC_0341.Trip2.JPG,"Casale's Halfway Club flag mounted wall sign, Reno, Nevada","<p>View of the clown sign for the Circus Circus during the day with unlit neon.</p><p>500 N Sierra St, Reno, NV 89503</p></br>","Durham, Will",1944,,"<p>2501 E 4th St, Reno, NV 89512</p>",,,,unlit,day,"Neon Sign -- http://id.worldcat.org/fast/1035830, Neon Lighting -- http://id.worldcat.org/fast/1035826, Neon Sculpture -- http://id.worldcat.org/fast/1035829, Restaurant -- http://id.worldcat.org/fast/1095907",,https://creativecommons.org/licenses/by-nc/4.0/,image/jpeg,image,Digitized materials: physical originals are not held by UNLV Special Collections and Archives,Northern Nevada Neon,(TBD by UNLV),(TBD by UNLV),"University of Nevada, Las Vegas University Libraries",,Exterior,Will Durham,2016~/2020~
,NNN000640-001,,,,,,,,,,,,,,,,,,,,,,,,,,
,NNN000640-002,,,,,,,,,,,,,,,,,,,,,,,,,,
7/7/2021 7:19:18,NNN000641,DSC_0099.Trip2.JPG; DSC_0100.Trip2.JPG,"Castaway Inn flag mounted sign, Reno, Nevada","<p>View of a sign on the parking garage for the Circus Circus reading ""Reno"" during the day with unlit neon.</p><p>650 N Sierra St, Reno, NV 89503</p></br>","Durham, Will",XXXX,,"<p>525 W 2nd St, Reno, NV 89503</p>",,,,unlit,day,"Neon Sign -- http://id.worldcat.org/fast/1035830, Neon Lighting -- http://id.worldcat.org/fast/1035826, Neon Sculpture -- http://id.worldcat.org/fast/1035829, Motels -- http://id.worldcat.org/fast/1026838",,https://creativecommons.org/licenses/by-nc/4.0/,image/jpeg,image,Digitized materials: physical originals are not held by UNLV Special Collections and Archives,Northern Nevada Neon,(TBD by UNLV),(TBD by UNLV),"University of Nevada, Las Vegas University Libraries",,Exterior,Will Durham,2016~/2020~
,NNN000641-001,,,,,,,,,,,,,,,,,,,,,,,,,,
,NNN000641-002,,,,,,,,,,,,,,,,,,,,,,,,,,
7/7/2021 7:33:37,NNN000642,DSC_0102.Trip2.JPG; DSC_0104.Trip2.JPG; DSC_0105.Trip2.JPG; DSC_0106.Trip2.JPG; DSC_0107.Trip2.JPG,"Castaway Inn double mounted sign, Reno, Nevada","<p>View of the sign for City Center Motel during the day with unlit neon. The business is closed.</p><p>365 West St, Reno, NV 89501</p></br>","Durham, Will",XXXX,,"<p>525 W 2nd St, Reno, NV 89503</p>",,,,unlit,day,"Neon Sign -- http://id.worldcat.org/fast/1035830, Neon Lighting -- http://id.worldcat.org/fast/1035826, Neon Sculpture -- http://id.worldcat.org/fast/1035829, Motels -- http://id.worldcat.org/fast/1026838",,https://creativecommons.org/licenses/by-nc/4.0/,image/jpeg,image,Digitized materials: physical originals are not held by UNLV Special Collections and Archives,Northern Nevada Neon,(TBD by UNLV),(TBD by UNLV),"University of Nevada, Las Vegas University Libraries",,Exterior,Will Durham,2016~/2020~
,NNN000642-001,,,,,,,,,,,,,,,,,,,,,,,,,,
,NNN000642-002,,,,,,,,,,,,,,,,,,,,,,,,,,
,NNN000642-003,,,,,,,,,,,,,,,,,,,,,,,,,,
,NNN000642-004,,,,,,,,,,,,,,,,,,,,,,,,,,
,NNN000642-005,,,,,,,,,,,,,,,,,,,,,,,,,,
7/7/2021 7:51:17,NNN000643,DSC_0108.Trip2.JPG; DSC_0109.Trip2.JPG,"Castaway Inn flag mounted wall sign, Reno, Nevada","<p>View of the wall mounted sign for the Colt Inn Casino during the day with unlit neon.</p><p>654 W Front St, Battle Mountain, NV 89820</p></br>","Durham, Will",XXXX,,"<p>525 W 2nd St, Reno, NV 89503</p>",,,,unlit,day,"Neon Sign -- http://id.worldcat.org/fast/1035830, Neon Lighting -- http://id.worldcat.org/fast/1035826, Neon Sculpture -- http://id.worldcat.org/fast/1035829, Motels -- http://id.worldcat.org/fast/1026838",,https://creativecommons.org/licenses/by-nc/4.0/,image/jpeg,image,Digitized materials: physical originals are not held by UNLV Special Collections and Archives,Northern Nevada Neon,(TBD by UNLV),(TBD by UNLV),"University of Nevada, Las Vegas University Libraries",,Exterior,Will Durham,2016~/2020~
,NNN000643-001,,,,,,,,,,,,,,,,,,,,,,,,,,
,NNN000643-002,,,,,,,,,,,,,,,,,,,,,,,,,,
7/7/2021 8:32:03,NNN000644,DSC_0814.Trip2.JPG; DSC_0815.Trip2.JPG; DSC_0820.Trip2.JPG; DSC_0823.Trip2.JPG; DSC_0825.Trip2.JPG; DSC_0838.Trip2.JPG; DSC_0844.Trip2.JPG; DSC_0854.Trip2.JPG; DSC_0855.Trip2.JPG; DSC_0018.Trip3.JPG; DSC_0019.Trip3.JPG; DSC_0031.Trip3.JPG,"Centre Motel mounted sign, Elko, Nevada","<p>View of the double mounted sign for the Colt Casino during the day with unlit neon.</p><p>654 W Front St, Battle Mountain, NV 89820</p></br>","Durham, Will",XXXX,,"<p>475 3rd St, Elko, NV 89801</p>",,,,"lit, unlit","day, night","Neon Sign -- http://id.worldcat.org/fast/1035830, Neon Lighting -- http://id.worldcat.org/fast/1035826, Neon Sculpture -- http://id.worldcat.org/fast/1035829, Motels -- http://id.worldcat.org/fast/1026838",,https://creativecommons.org/licenses/by-nc/4.0/,image/jpeg,image,Digitized materials: physical originals are not held by UNLV Special Collections and Archives,Northern Nevada Neon,(TBD by UNLV),(TBD by UNLV),"University of Nevada, Las Vegas University Libraries",,Exterior,Will Durham,2016~/2020~
,NNN000644-001,,,,,,,,,,,,,,,,,,,,,,,,,,
,NNN000644-002,,,,,,,,,,,,,,,,,,,,,,,,,,
,NNN000644-003,,,,,,,,,,,,,,,,,,,,,,,,,,
,NNN000644-004,,,,,,,,,,,,,,,,,,,,,,,,,,
,NNN000644-005,,,,,,,,,,,,,,,,,,,,,,,,,,
,NNN000644-006,,,,,,,,,,,,,,,,,,,,,,,,,,
,NNN000644-007,,,,,,,,,,,,,,,,,,,,,,,,,,
,NNN000644-008,,,,,,,,,,,,,,,,,,,,,,,,,,
,NNN000644-009,,,,,,,,,,,,,,,,,,,,,,,,,,
,NNN000644-010,,,,,,,,,,,,,,,,,,,,,,,,,,
,NNN000644-011,,,,,,,,,,,,,,,,,,,,,,,,,,
,NNN000644-012,,,,,,,,,,,,,,,,,,,,,,,,,,
7/7/2021 9:16:37,NNN000645,DSC_0914.Trip2.JPG;  DSC_0011.Trip3.JPG; DSC_0013.Trip3.JPG; DSC_0014.Trip3.JPG,"Centre Motel roof mounted sign, Elko, Nevada","<p>View of a wall mounted sign for the Comstock Casino during the day with unlit neon.</p><p>3680 Goni Rd # 1, Carson City, NV 89706</p></br>","Durham, Will",XXXX,,"<p>475 3rd St, Elko, NV 89801</p>",,,,"lit, unlit","day, night","Neon Sign -- http://id.worldcat.org/fast/1035830, Neon Lighting -- http://id.worldcat.org/fast/1035826, Neon Sculpture -- http://id.worldcat.org/fast/1035829, Motels -- http://id.worldcat.org/fast/1026838",,https://creativecommons.org/licenses/by-nc/4.0/,image/jpeg,image,Digitized materials: physical originals are not held by UNLV Special Collections and Archives,Northern Nevada Neon,(TBD by UNLV),(TBD by UNLV),"University of Nevada, Las Vegas University Libraries",,Exterior,Will Durham,2016~/2020~
,NNN000645-001,,,,,,,,,,,,,,,,,,,,,,,,,,
,NNN000645-002,,,,,,,,,,,,,,,,,,,,,,,,,,
,NNN000645-003,,,,,,,,,,,,,,,,,,,,,,,,,,
,NNN000645-004,,,,,,,,,,,,,,,,,,,,,,,,,,
7/7/2021 9:46:49,NNN000646,DSC_0945.Trip2.JPG; DSC_0946.Trip2.JPG; DSC_0947.Trip2.JPG; DSC_0949.Trip2.JPG; DSC_0106.Trip3.JPG,"Chilton Centennial Tower, Elko, Nevada","<p>View of  the mounted sign for the Comstock Casino during the day with unlit neon.</p><p>3680 Goni Rd # 1, Carson City, NV 89706</p></br>","Durham, Will",2017,,,,,,"lit, unlit","day, night","Neon Sign -- http://id.worldcat.org/fast/1035830, Neon Lighting -- http://id.worldcat.org/fast/1035826, Neon Sculpture -- http://id.worldcat.org/fast/1035829",,https://creativecommons.org/licenses/by-nc/4.0/,image/jpeg,image,Digitized materials: physical originals are not held by UNLV Special Collections and Archives,Northern Nevada Neon,(TBD by UNLV),(TBD by UNLV),"University of Nevada, Las Vegas University Libraries",,Exterior,Will Durham,2016~/2020~
,NNN000646-001,,,,,,,,,,,,,,,,,,,,,,,,,,
,NNN000646-002,,,,,,,,,,,,,,,,,,,,,,,,,,
,NNN000646-003,,,,,,,,,,,,,,,,,,,,,,,,,,
,NNN000646-004,,,,,,,,,,,,,,,,,,,,,,,,,,
,NNN000646-005,,,,,,,,,,,,,,,,,,,,,,,,,,
7/7/2021 10:21:16,NNN000647,DSC_0021.Trip2.JPG; DSC_0022.Trip2.JPG; DSC_0048.Trip2.JPG; DSC_0049.Trip2.JPG,"Chocolate Walrus flag mounted wall sign, Reno, Nevada","<p>View of the wall mounted signs for the Coney Island Bar during the day with unlit neon.</p><p>2644 Prater Way, Sparks, NV 89431</p></br>","Durham, Will",2004,,"<p>1278 S Virginia St, Reno, NV 89502</p>",,,,"lit, unlit","day, dusk","Neon Sign -- http://id.worldcat.org/fast/1035830, Neon Lighting -- http://id.worldcat.org/fast/1035826, Neon Sculpture -- http://id.worldcat.org/fast/1035829",,https://creativecommons.org/licenses/by-nc/4.0/,image/jpeg,image,Digitized materials: physical originals are not held by UNLV Special Collections and Archives,Northern Nevada Neon,(TBD by UNLV),(TBD by UNLV),"University of Nevada, Las Vegas University Libraries",,Exterior,Will Durham,2020
,NNN000647-001,,,,,,,,,,,,,,,,,,,,,,,,,,
,NNN000647-002,,,,,,,,,,,,,,,,,,,,,,,,,,
,NNN000647-003,,,,,,,,,,,,,,,,,,,,,,,,,,
,NNN000647-004,,,,,,,,,,,,,,,,,,,,,,,,,,
7/7/2021 10:52:51,NNN000648,DSC_0167.Trip2.JPG,"Circus Circus clown sign, Reno, Nevada","<p>View of the mounted signs for the Copenhagen bar, including detail shots of the electric sign during the day with unlit neon.</p><p>2140 Prater Way, Sparks, NV 89431</p></br>","Durham, Will",XXXX,,"<p>500 N Sierra St, Reno, NV 89503</p>",,,,unlit,day,"Neon Sign -- http://id.worldcat.org/fast/1035830, Neon Lighting -- http://id.worldcat.org/fast/1035826, Neon Sculpture -- http://id.worldcat.org/fast/1035829, Casinos -- http://id.worldcat.org/fast/848246, Hotels -- http://id.worldcat.org/fast/961767",,https://creativecommons.org/licenses/by-nc/4.0/,image/jpeg,image,Digitized materials: physical originals are not held by UNLV Special Collections and Archives,Northern Nevada Neon,(TBD by UNLV),(TBD by UNLV),"University of Nevada, Las Vegas University Libraries",,Exterior,Will Durham,2016~/2020`
,NNN000648-001,,,,,,,,,,,,,,,,,,,,,,,,,,
7/7/2021 10:59:16,NNN000649,DSC_0170.Trip2.JPG; DSC_0171.Trip2.JPG,"Circus Circus parking garage sign, Reno, Nevada","<p>View of the flag mounted sign for the Cozy Motel during the day.</p><p>410 E Winnemucca Blvd, Winnemucca, NV 89445</p></br>","Durham, Will",XXXX,,"<p>650 N Sierra St, Reno, NV 89503</p>",,,,unlit,day,"Neon Sign -- http://id.worldcat.org/fast/1035830, Neon Lighting -- http://id.worldcat.org/fast/1035826, Neon Sculpture -- http://id.worldcat.org/fast/1035829, Casinos -- http://id.worldcat.org/fast/848246, Hotels -- http://id.worldcat.org/fast/961767",,https://creativecommons.org/licenses/by-nc/4.0/,image/jpeg,image,Digitized materials: physical originals are not held by UNLV Special Collections and Archives,Northern Nevada Neon,(TBD by UNLV),(TBD by UNLV),"University of Nevada, Las Vegas University Libraries",,Exterior,Will Durham,2016~/2020~
,NNN000649-001,,,,,,,,,,,,,,,,,,,,,,,,,,
,NNN000649-002,,,,,,,,,,,,,,,,,,,,,,,,,,
7/8/2021 8:00:42,NNN000650,DSC_0534.Trip2.JPG; DSC_0535.Trip2.JPG,"City Center Motel mounted sign, Reno, Nevada","<p>View of the D Bar M flag mounted sign during the day.</p><p>1020 E 4th St, Reno, NV 89512</p></br>","Durham, Will",XXXX,,"<p>365 West St, Reno, NV 89501</p>",,,,unlit,day,"Neon Sign -- http://id.worldcat.org/fast/1035830, Neon Lighting -- http://id.worldcat.org/fast/1035826, Neon Sculpture -- http://id.worldcat.org/fast/1035829, Motels -- http://id.worldcat.org/fast/1026838",,https://creativecommons.org/licenses/by-nc/4.0/,image/jpeg,image,Digitized materials: physical originals are not held by UNLV Special Collections and Archives,Northern Nevada Neon,(TBD by UNLV),(TBD by UNLV),"University of Nevada, Las Vegas University Libraries",,Exterior,Will Durham,2016~/2020~
,NNN000650-001,,,,,,,,,,,,,,,,,,,,,,,,,,
,NNN000650-002,,,,,,,,,,,,,,,,,,,,,,,,,,
7/8/2021 8:19:07,NNN000651,DSC_0763.Trip2.JPG; DSC_0764.Trip2.JPG,"Colt Inn Casino wall mounted sign, Battle Mountain, Nevada","<p>View of the wall mounted sign for Diamond's Casino during the day with unlit neon. The casino is a part of the Ramada by Wyndham.</p><p>1010 E 6th St, Reno, NV 89512</p></br>","Durham, Will",XXXX,,"<p>654 W Front St, Battle Mountain, NV 89820</p>",,,,unlit,day,"Neon Sign -- http://id.worldcat.org/fast/1035830, Neon Lighting -- http://id.worldcat.org/fast/1035826, Neon Sculpture -- http://id.worldcat.org/fast/1035829, Casinos -- http://id.worldcat.org/fast/848246, Hotels -- http://id.worldcat.org/fast/961767",,https://creativecommons.org/licenses/by-nc/4.0/,image/jpeg,image,Digitized materials: physical originals are not held by UNLV Special Collections and Archives,Northern Nevada Neon,(TBD by UNLV),(TBD by UNLV),"University of Nevada, Las Vegas University Libraries",,Exterior,Will Durham,2016~/2020~
,NNN000651-001,,,,,,,,,,,,,,,,,,,,,,,,,,
,NNN000651-002,,,,,,,,,,,,,,,,,,,,,,,,,,
7/8/2021 8:24:24,NNN000652,DSC_0765.Trip2.JPG; DSC_0766.Trip2.JPG; DSC_0767.Trip2.JPG,"Colt Casino double mounted sign, Battle Mountain, Nevada","<p>View of the wall mounted signs for Dilligas Saloon, including views of the electric sign. The business is closed.</p><p>1303 E 4th St, Reno, NV 89512</p></br>","Durham, Will",XXXX,,"<p>654 W Front St, Battle Mountain, NV 89820</p>",,,,unlit,day,"Neon Sign -- http://id.worldcat.org/fast/1035830, Neon Lighting -- http://id.worldcat.org/fast/1035826, Neon Sculpture -- http://id.worldcat.org/fast/1035829, Casinos -- http://id.worldcat.org/fast/848246, Hotels -- http://id.worldcat.org/fast/961767",,https://creativecommons.org/licenses/by-nc/4.0/,image/jpeg,image,Digitized materials: physical originals are not held by UNLV Special Collections and Archives,Northern Nevada Neon,(TBD by UNLV),(TBD by UNLV),"University of Nevada, Las Vegas University Libraries",,Exterior,Will Durham,2016~/2020~
,NNN000652-001,,,,,,,,,,,,,,,,,,,,,,,,,,
,NNN000652-002,,,,,,,,,,,,,,,,,,,,,,,,,,
,NNN000652-003,,,,,,,,,,,,,,,,,,,,,,,,,,
7/8/2021 8:34:20,NNN000653,DSC_0181.Trip2.JPG,"Comstock Casino wall mounted sign, Carson City, Nevada","<p>View of a wall mounted sign for Dos Amigos at night and during the day with lit neon.</p><p>1985 W Winnemucca Blvd, Winnemucca, NV 89445</p></br>","Durham, Will",XXXX,,"<p>3680 Goni Rd # 1, Carson City, NV 89706</p>",,,,unlit,day,"Neon Sign -- http://id.worldcat.org/fast/1035830, Neon Lighting -- http://id.worldcat.org/fast/1035826, Neon Sculpture -- http://id.worldcat.org/fast/1035829, Casinos -- http://id.worldcat.org/fast/848246",,https://creativecommons.org/licenses/by-nc/4.0/,image/jpeg,image,Digitized materials: physical originals are not held by UNLV Special Collections and Archives,Northern Nevada Neon,(TBD by UNLV),(TBD by UNLV),"University of Nevada, Las Vegas University Libraries",,Exterior,Will Durham,2016~/2020~
,NNN000653-001,,,,,,,,,,,,,,,,,,,,,,,,,,
7/8/2021 8:49:31,NNN000654,DSC_0182.Trip2.JPG; DSC_0183.Trip2.JPG,"Comstock Casino mounted sign, Carson City, Nevada","<p>View of the wall mounted sign for Dos Amigos for the casino at night while lit.</p><p>1985 W Winnemucca Blvd, Winnemucca, NV 89445</p></br>","Durham, Will",XXXX,,"<p>3680 Goni Rd # 1, Carson City, NV 89706</p>",,,,unlit,day,"Neon Sign -- http://id.worldcat.org/fast/1035830, Neon Lighting -- http://id.worldcat.org/fast/1035826, Neon Sculpture -- http://id.worldcat.org/fast/1035829, Casinos -- http://id.worldcat.org/fast/848246",,https://creativecommons.org/licenses/by-nc/4.0/,image/jpeg,image,Digitized materials: physical originals are not held by UNLV Special Collections and Archives,Northern Nevada Neon,(TBD by UNLV),(TBD by UNLV),"University of Nevada, Las Vegas University Libraries",,Exterior,Will Durham,2016~/2020~
,NNN000654-001,,,,,,,,,,,,,,,,,,,,,,,,,,
,NNN000654-002,,,,,,,,,,,,,,,,,,,,,,,,,,
7/8/2021 8:56:39,NNN000655,DSC_0347.Trip2.JPG; DSC_0348.Trip2.JPG,"Coney Island Bar wall mounted signs, Sparks, Nevada","<p>View of wall mounted signs for Dos Amigos while lit. One of the signs reads ""Casino"" and the other reads ""Dos Amigos Restaurante.""</p><p>1985 W Winnemucca Blvd, Winnemucca, NV 89445</p></br>","Durham, Will",1946,,"<p>2644 Prater Way, Sparks, NV 89431</p>",,,,unlit,day,"Neon Sign -- http://id.worldcat.org/fast/1035830, Neon Lighting -- http://id.worldcat.org/fast/1035826, Neon Sculpture -- http://id.worldcat.org/fast/1035829, Bars (Drinking establishments) -- http://id.worldcat.org/fast/827779",,https://creativecommons.org/licenses/by-nc/4.0/,image/jpeg,image,Digitized materials: physical originals are not held by UNLV Special Collections and Archives,Northern Nevada Neon,(TBD by UNLV),(TBD by UNLV),"University of Nevada, Las Vegas University Libraries",,Exterior,Will Durham,2016~/2020~
,NNN000655-001,,,,,,,,,,,,,,,,,,,,,,,,,,
,NNN000655-002,,,,,,,,,,,,,,,,,,,,,,,,,,
7/8/2021 9:37:37,NNN000656,DSC_0354.Trip2.JPG; DSC_0355.Trip2.JPG; DSC_0356.Trip2.JPG; DSC_0357.Trip2.JPG,"Copenhagen Bar wall mounted sign, Sparks, Nevada","<p>View of the sign for the El Ray Motel, including a view showing the building after demolition.</p><p>330 N Arlington Ave, Reno, NV 89501</p></br>","Durham, Will",1949,,"<p>2140 Prater Way, Sparks, NV 89431</p>",,,,unlit,day,"Neon Sign -- http://id.worldcat.org/fast/1035830, Neon Lighting -- http://id.worldcat.org/fast/1035826, Neon Sculpture -- http://id.worldcat.org/fast/1035829, Bars (Drinking establishments) -- http://id.worldcat.org/fast/827779",,https://creativecommons.org/licenses/by-nc/4.0/,image/jpeg,image,Digitized materials: physical originals are not held by UNLV Special Collections and Archives,Northern Nevada Neon,(TBD by UNLV),(TBD by UNLV),"University of Nevada, Las Vegas University Libraries",,Exterior,Will Durham,2016~/2020~
,NNN000656-001,,,,,,,,,,,,,,,,,,,,,,,,,,
,NNN000656-002,,,,,,,,,,,,,,,,,,,,,,,,,,
,NNN000656-003,,,,,,,,,,,,,,,,,,,,,,,,,,
,NNN000656-004,,,,,,,,,,,,,,,,,,,,,,,,,,
7/8/2021 9:44:28,NNN000657,DSC_0757.Trip2.JPG; DSC_0758.Trip2.JPG,"Cozy Motel flag mounted sign, Winnemucca, Nevada","<p>View of the roof mounted sign for El Tavern in Reno, including detail shots of the regular sign and the vacancy sign.</p><p>1801 W 4th St, Reno, NV 89503</p></br>","Durham, Will",XXXX,,"<p>410 E Winnemucca Blvd, Winnemucca, NV 89445</p>",,,,unlit,day,"Neon Sign -- http://id.worldcat.org/fast/1035830, Neon Lighting -- http://id.worldcat.org/fast/1035826, Neon Sculpture -- http://id.worldcat.org/fast/1035829, Motels -- http://id.worldcat.org/fast/1026838",,https://creativecommons.org/licenses/by-nc/4.0/,image/jpeg,image,Digitized materials: physical originals are not held by UNLV Special Collections and Archives,Northern Nevada Neon,(TBD by UNLV),(TBD by UNLV),"University of Nevada, Las Vegas University Libraries",,Exterior,Will Durham,2016~/2020~
,NNN000657-001,,,,,,,,,,,,,,,,,,,,,,,,,,
,NNN000657-002,,,,,,,,,,,,,,,,,,,,,,,,,,
7/8/2021 9:58:26,NNN000658,DSC_0486.Trip2.JPG; DSC_0487.Trip2.JPG,"D Bar M Western Store flag mounted sign, Reno, Nevada","<p>View of the roof mounted signs for the Elbow Room Bar, including detail shots of the flag mounted roof sign and another sign reading ""bar"" during the day while unlit.</p><p>2002 Victorian Ave, Sparks, NV 89431</p></br>","Durham, Will",XXXX,,"<p>1020 E 4th St, Reno, NV 89512</p>",,,,unlit,day,"Neon Sign -- http://id.worldcat.org/fast/1035830, Neon Lighting -- http://id.worldcat.org/fast/1035826, Neon Sculpture -- http://id.worldcat.org/fast/1035829",,https://creativecommons.org/licenses/by-nc/4.0/,image/jpeg,image,Digitized materials: physical originals are not held by UNLV Special Collections and Archives,Northern Nevada Neon,(TBD by UNLV),(TBD by UNLV),"University of Nevada, Las Vegas University Libraries",,Exterior,Will Durham,2020
,NNN000658-001,,,,,,,,,,,,,,,,,,,,,,,,,,
,NNN000658-002,,,,,,,,,,,,,,,,,,,,,,,,,,
7/8/2021 10:19:51,NNN000659,DSC_0497.Trip2.JPG; DSC_0498.Trip2.JPG,"Diamond's Casino wall mounted sign, Reno, Nevada","<p>View of a window mounted sign for Elko Bail Bonds at night with lit neon.</p><p>895 W Silver St, Elko, NV 89801</p></br>","Durham, Will",XXXX,,"<p>1010 E 6th St, Reno, NV 89512</p>",,,,unlit,day,"Neon Sign -- http://id.worldcat.org/fast/1035830, Neon Lighting -- http://id.worldcat.org/fast/1035826, Neon Sculpture -- http://id.worldcat.org/fast/1035829, Casinos -- http://id.worldcat.org/fast/848246",,https://creativecommons.org/licenses/by-nc/4.0/,image/jpeg,image,Digitized materials: physical originals are not held by UNLV Special Collections and Archives,Northern Nevada Neon,(TBD by UNLV),(TBD by UNLV),"University of Nevada, Las Vegas University Libraries",,Exterior,Will Durham,2016~/2020~
,NNN000659-001,,,,,,,,,,,,,,,,,,,,,,,,,,
,NNN000659-002,,,,,,,,,,,,,,,,,,,,,,,,,,
7/8/2021 10:30:14,NNN000660,DSC_0471.Trip2.JPG; DSC_0472.Trip2.JPG; DSC_0212.Trip3.JPG; DSC_0213.Trip3.JPG; DSC_0214.Trip3.JPG; DSC_0215.Trip3.JPG; DSC_0216.Trip3.JPG; DSC_0220.Trip3.JPG,"Dilligas Saloon wall mounted signs, Reno, Nevada","<p>View of a window mounted sign for Elko Bail Bonds reading ""Always Open"" at night with lit neon.</p><p>895 W Silver St, Elko, NV 89801</p></br>","Durham, Will",XXXX,,"<p>1303 E 4th St, Reno, NV 89512</p>",,,,unlit,day,"Neon Sign -- http://id.worldcat.org/fast/1035830, Neon Lighting -- http://id.worldcat.org/fast/1035826, Neon Sculpture -- http://id.worldcat.org/fast/1035829, Bars (Drinking establishments) -- http://id.worldcat.org/fast/827779",,https://creativecommons.org/licenses/by-nc/4.0/,image/jpeg,image,Digitized materials: physical originals are not held by UNLV Special Collections and Archives,Northern Nevada Neon,(TBD by UNLV),(TBD by UNLV),"University of Nevada, Las Vegas University Libraries",,Exterior,Will Durham,2016~/2020~
,NNN000660-001,,,,,,,,,,,,,,,,,,,,,,,,,,
,NNN000660-002,,,,,,,,,,,,,,,,,,,,,,,,,,
,NNN000660-003,,,,,,,,,,,,,,,,,,,,,,,,,,
,NNN000660-004,,,,,,,,,,,,,,,,,,,,,,,,,,
,NNN000660-005,,,,,,,,,,,,,,,,,,,,,,,,,,
,NNN000660-006,,,,,,,,,,,,,,,,,,,,,,,,,,
,NNN000660-007,,,,,,,,,,,,,,,,,,,,,,,,,,
,NNN000660-008,,,,,,,,,,,,,,,,,,,,,,,,,,
7/8/2021 10:39:36,NNN000661,DSC_0606.Trip2.JPG; DSC_0607.Trip2.JPG; DSC_0721.Trip2.JPG,"Dos Amigos wall mounted sign, Winnemucca, Nevada","<p>View of the wall mounted signs for Elko General Merchandise at night with lit neon and during the day wiht unlit neon. The business has been open since 1936 at the same location.</p><p>416 Idaho St, Elko, NV 89801</p></br>","Durham, Will",XXXX,,"<p>1985 W Winnemucca Blvd, Winnemucca, NV 89445</p>",,,,lit,"day, night","Neon Sign -- http://id.worldcat.org/fast/1035830, Neon Lighting -- http://id.worldcat.org/fast/1035826, Neon Sculpture -- http://id.worldcat.org/fast/1035829, Restaurant -- http://id.worldcat.org/fast/1095907",,https://creativecommons.org/licenses/by-nc/4.0/,image/jpeg,image,Digitized materials: physical originals are not held by UNLV Special Collections and Archives,Northern Nevada Neon,(TBD by UNLV),(TBD by UNLV),"University of Nevada, Las Vegas University Libraries",,Exterior,Will Durham,2016~/2020~
,NNN000661-001,,,,,,,,,,,,,,,,,,,,,,,,,,
,NNN000661-002,,,,,,,,,,,,,,,,,,,,,,,,,,
,NNN000661-003,,,,,,,,,,,,,,,,,,,,,,,,,,
7/8/2021 10:42:46,NNN000662,DSC_0609.Trip2.JPG,"Dos Amigos wall mounted sign, Winnemucca, Nevada",<p>View of the mounted sign for Everybody's Inn during the day with unlit neon.</p></br>,"Durham, Will",XXXX,,"<p>1985 W Winnemucca Blvd, Winnemucca, NV 89445</p>",,,,lit,night,Casinos -- http://id.worldcat.org/fast/848246,,https://creativecommons.org/licenses/by-nc/4.0/,image/jpeg,image,Digitized materials: physical originals are not held by UNLV Special Collections and Archives,Northern Nevada Neon,(TBD by UNLV),(TBD by UNLV),"University of Nevada, Las Vegas University Libraries",,Exterior,Will Durham,2016~/2020~
,NNN000662-001,,,,,,,,,,,,,,,,,,,,,,,,,,
7/8/2021 10:47:37,NNN000663,DSC_0611.Trip2.JPG; DSC_0723.Trip2.JPG,"Dos Amigos wall mounted signs, Winnemucca, Nevada","<p>View of the wall mounted sign for Fantasy Girls during the day with unlit neon.</p.<p>1095 E 4th St, Reno, NV 89512</p></br>","Durham, Will",XXXX,,"<p>1985 W Winnemucca Blvd, Winnemucca, NV 89445</p>",,,,lit,"day, night","Neon Sign -- http://id.worldcat.org/fast/1035830, Neon Lighting -- http://id.worldcat.org/fast/1035826, Neon Sculpture -- http://id.worldcat.org/fast/1035829, Casinos -- http://id.worldcat.org/fast/848246, Restaurant -- http://id.worldcat.org/fast/1095907",,https://creativecommons.org/licenses/by-nc/4.0/,image/jpeg,image,Digitized materials: physical originals are not held by UNLV Special Collections and Archives,Northern Nevada Neon,(TBD by UNLV),(TBD by UNLV),"University of Nevada, Las Vegas University Libraries",,Exterior,Will Durham,2016~/2020~
,NNN000663-001,,,,,,,,,,,,,,,,,,,,,,,,,,
,NNN000663-002,,,,,,,,,,,,,,,,,,,,,,,,,,
7/8/2021 11:05:55,NNN000664,DSC_0531.Trip2.JPG; DSC_0532.Trip2.JPG; DSC_0533.Trip2.JPG,"El Ray Motel mounted sign, Reno, Nevada","<p>View of the Farris Apartments sign during the day with unlit neon. The site used to be a motel.</p><p>1752 E 4th St, Reno, NV 89512</p></br>","Durham, Will",XXXX,,"<p>330 N Arlington Ave, Reno, NV 89501</p>",,,,unlit,day,"Neon Sign -- http://id.worldcat.org/fast/1035830, Neon Lighting -- http://id.worldcat.org/fast/1035826, Neon Sculpture -- http://id.worldcat.org/fast/1035829, Motels -- http://id.worldcat.org/fast/1026838",,https://creativecommons.org/licenses/by-nc/4.0/,image/jpeg,image,Digitized materials: physical originals are not held by UNLV Special Collections and Archives,Northern Nevada Neon,(TBD by UNLV),(TBD by UNLV),"University of Nevada, Las Vegas University Libraries",,Exterior,Will Durham,2018~/2020~
,NNN000664-001,,,,,,,,,,,,,,,,,,,,,,,,,,
,NNN000664-002,,,,,,,,,,,,,,,,,,,,,,,,,,
7/8/2021 11:33:01,NNN000665,DSC_0388.Trip2.JPG; DSC_0389.Trip2.JPG;  DSC_0390.Trip2.JPG; DSC_0391.Trip2.JPG; DSC_0393.Trip2.JPG; DSC_0395.Trip2.JPG; DSC_0397.Trip2.JPG; DSC_0398.Trip2.JPG,"El Tavern Motel roof mounted sign, Reno, Nevada","<p>View of the Fast Glass wall mounted sign at night and during the day.</p><p>3200 Traders Way b, Winnemucca, NV 89445</p></br>","Durham, Will",XXXX,,"<p>1801 W 4th St, Reno, NV 89503</p>",,,,unlit,day,"Neon Sign -- http://id.worldcat.org/fast/1035830, Neon Lighting -- http://id.worldcat.org/fast/1035826, Neon Sculpture -- http://id.worldcat.org/fast/1035829, Motels -- http://id.worldcat.org/fast/1026838",,https://creativecommons.org/licenses/by-nc/4.0/,image/jpeg,image,Digitized materials: physical originals are not held by UNLV Special Collections and Archives,Northern Nevada Neon,(TBD by UNLV),(TBD by UNLV),"University of Nevada, Las Vegas University Libraries",,Exterior,Will Durham,2016~/2020~
,NNN000665-001,,,,,,,,,,,,,,,,,,,,,,,,,,
,NNN000665-002,,,,,,,,,,,,,,,,,,,,,,,,,,
,NNN000665-003,,,,,,,,,,,,,,,,,,,,,,,,,,
,NNN000665-004,,,,,,,,,,,,,,,,,,,,,,,,,,
,NNN000665-005,,,,,,,,,,,,,,,,,,,,,,,,,,
,NNN000665-006,,,,,,,,,,,,,,,,,,,,,,,,,,
,NNN000665-007,,,,,,,,,,,,,,,,,,,,,,,,,,
,NNN000665-008,,,,,,,,,,,,,,,,,,,,,,,,,,
7/9/2021 8:05:39,NNN000666,DSC_0371.Trip2.JPG; DSC_0373.Trip2.JPG; DSC_0374.Trip2.JPG; DSC_0375.Trip2.JPG; DSC_0376.Trip2.JPG; DSC_0377.Trip2.JPG; DSC_0379.Trip2.JPG,"Elbow Room Bar roof mounted signs, Sparks, Nevada","<p>View of the roof mounted sign for Floyd's Fireside Lounge during the day.</p><p>698 Kietzke Ln, Reno, NV 89502</p></br>","Durham, Will",XXXX,,"<p>2002 Victorian Ave, Sparks, NV 89431</p>",,,,unlit,day,"Neon Sign -- http://id.worldcat.org/fast/1035830, Neon Lighting -- http://id.worldcat.org/fast/1035826, Neon Sculpture -- http://id.worldcat.org/fast/1035829, Bars (Drinking establishments) -- http://id.worldcat.org/fast/827779",,https://creativecommons.org/licenses/by-nc/4.0/,image/jpeg,image,Digitized materials: physical originals are not held by UNLV Special Collections and Archives,Northern Nevada Neon,(TBD by UNLV),(TBD by UNLV),"University of Nevada, Las Vegas University Libraries",,Exterior,Will Durham,2020
,NNN000666-001,,,,,,,,,,,,,,,,,,,,,,,,,,
,NNN000666-002,,,,,,,,,,,,,,,,,,,,,,,,,,
,NNN000666-003,,,,,,,,,,,,,,,,,,,,,,,,,,
,NNN000666-004,,,,,,,,,,,,,,,,,,,,,,,,,,
,NNN000666-005,,,,,,,,,,,,,,,,,,,,,,,,,,
,NNN000666-006,,,,,,,,,,,,,,,,,,,,,,,,,,
,NNN000666-007,,,,,,,,,,,,,,,,,,,,,,,,,,
7/9/2021 8:17:15,NNN000667,DSC_0936.Trip2.JPG,"Elko Bail Bonds window sign, Elko, Nevada","<p>View of the sign for the Frontier Motel during the day with unlit neon.</p><p>1718 N Carson St, Carson City, NV 89701</p></br>","Durham, Will",XXXX,,"<p>895 W Silver St, Elko, NV 89801</p>",,,,lit,night,"Neon Sign -- http://id.worldcat.org/fast/1035830, Neon Lighting -- http://id.worldcat.org/fast/1035826, Neon Sculpture -- http://id.worldcat.org/fast/1035829",,https://creativecommons.org/licenses/by-nc/4.0/,image/jpeg,image,Digitized materials: physical originals are not held by UNLV Special Collections and Archives,Northern Nevada Neon,(TBD by UNLV),(TBD by UNLV),"University of Nevada, Las Vegas University Libraries",,Interior,Will Durham,2016~/2020~
,NNN000667-001,,,,,,,,,,,,,,,,,,,,,,,,,,
7/9/2021 8:20:26,NNN000668,DSC_0937.Trip2.JPG; DSC_0938.Trip2.JPG,"Elko Bail Bonds window sign, Elko, Nevada","<p>View of the office signs for the Frontier Motel mounted on the walls during the day and at night.</p><p>410 E Winnemucca Blvd, Winnemucca, NV 89445</p></br>","Durham, Will",XXXX,,"<p>895 W Silver St, Elko, NV 89801</p>",,,,lit,night,"Neon Sign -- http://id.worldcat.org/fast/1035830, Neon Lighting -- http://id.worldcat.org/fast/1035826, Neon Sculpture -- http://id.worldcat.org/fast/1035829",,https://creativecommons.org/licenses/by-nc/4.0/,image/jpeg,image,Digitized materials: physical originals are not held by UNLV Special Collections and Archives,Northern Nevada Neon,(TBD by UNLV),(TBD by UNLV),"University of Nevada, Las Vegas University Libraries",,Interior,Will Durham,2016~/2020~
,NNN000668-001,,,,,,,,,,,,,,,,,,,,,,,,,,
,NNN000668-002,,,,,,,,,,,,,,,,,,,,,,,,,,
7/9/2021 8:38:07,NNN000669,DSC_0886.Trip2.JPG; DSC_0002.Trip3.JPG,"Elko General Merchandise wall mounted sign, Elko, Nevada","<p>View of the Gold Coin Motel mounted sign during the day with unlit neon.</p><p>2555 E 4th St, Reno, NV 89512</p></br>","Durham, Will",XXXX,,"<p>416 Idaho St, Elko, NV 89801</p>",,,,"lit, unlit","day, night","Neon Sign -- http://id.worldcat.org/fast/1035830, Neon Lighting -- http://id.worldcat.org/fast/1035826, Neon Sculpture -- http://id.worldcat.org/fast/1035829",,https://creativecommons.org/licenses/by-nc/4.0/,image/jpeg,image,Digitized materials: physical originals are not held by UNLV Special Collections and Archives,Northern Nevada Neon,(TBD by UNLV),(TBD by UNLV),"University of Nevada, Las Vegas University Libraries",,Exterior,Will Durham,2016~/2020~
,NNN000669-001,,,,,,,,,,,,,,,,,,,,,,,,,,
,NNN000669-002,,,,,,,,,,,,,,,,,,,,,,,,,,
7/9/2021 9:11:24,NNN000670,DSC_0336.Trip2.JPG; DSC_0337.Trip2.JPG; DSC_0338.Trip2.JPG,"Everybody's Inn mounted sign, Reno, Nevada","<p>View of the double mounted sign for the Gold Country Inn & Casino during the day and at night.</p><p>2050 Idaho St, Elko, NV 89801</p></br>","Durham, Will",XXXX,,,,,,unlit,day,"Neon Sign -- http://id.worldcat.org/fast/1035830, Neon Lighting -- http://id.worldcat.org/fast/1035826, Neon Sculpture -- http://id.worldcat.org/fast/1035829, Motels -- http://id.worldcat.org/fast/1026838",,https://creativecommons.org/licenses/by-nc/4.0/,image/jpeg,image,Digitized materials: physical originals are not held by UNLV Special Collections and Archives,Northern Nevada Neon,(TBD by UNLV),(TBD by UNLV),"University of Nevada, Las Vegas University Libraries",,Exterior,Will Durham,2016~/2020~
,NNN000670-001,,,,,,,,,,,,,,,,,,,,,,,,,,
,NNN000670-002,,,,,,,,,,,,,,,,,,,,,,,,,,
,NNN000670-003,,,,,,,,,,,,,,,,,,,,,,,,,,
7/9/2021 10:19:23,NNN000671,DSC_0492.Trip2.JPG; DSC_0493.Trip2.JPG; DSC_0494.Trip2.JPG; DSC_0495.Trip2.JPG,"Fantasy Girls wall mounted sign, Reno, Nevada","<p>View of the Gold Country Inn & Casino double mounted and wall mounted signs during the day with unlit neon.</p><p>2050 Idaho St, Elko, NV 89801</p></br>","Durham, Will",XXXX,,"<p>1095 E 4th St, Reno, NV 89512</p>",,,,unlit,day,"Neon Sign -- http://id.worldcat.org/fast/1035830, Neon Lighting -- http://id.worldcat.org/fast/1035826, Neon Sculpture -- http://id.worldcat.org/fast/1035829",,https://creativecommons.org/licenses/by-nc/4.0/,image/jpeg,image,Digitized materials: physical originals are not held by UNLV Special Collections and Archives,Northern Nevada Neon,(TBD by UNLV),(TBD by UNLV),"University of Nevada, Las Vegas University Libraries",,Exterior,Will Durham,2016~/2020~
,NNN000671-001,,,,,,,,,,,,,,,,,,,,,,,,,,
,NNN000671-002,,,,,,,,,,,,,,,,,,,,,,,,,,
,NNN000671-003,,,,,,,,,,,,,,,,,,,,,,,,,,
,NNN000671-004,,,,,,,,,,,,,,,,,,,,,,,,,,
7/9/2021 10:26:43,NNN000672,DSC_0326.Trip2.JPG; DSC_0327.Trip2.JPG,"Farris Apartments mounted sign, Reno, Nevada","<p>View of the wall mounted sign on the portico of the Gold Country Inn & Casino reading ""Casino"" during the day with unlit neon.</p><p>2050 Idaho St, Elko, NV 89801</p></br>","Durham, Will",1950~/1955~,,"<p>1752 E 4th St, Reno, NV 89512</p>",,,,unlit,day,"Neon Sign -- http://id.worldcat.org/fast/1035830, Neon Lighting -- http://id.worldcat.org/fast/1035826, Neon Sculpture -- http://id.worldcat.org/fast/1035829, Apartments -- http://id.worldcat.org/fast/811207",,https://creativecommons.org/licenses/by-nc/4.0/,image/jpeg,image,Digitized materials: physical originals are not held by UNLV Special Collections and Archives,Northern Nevada Neon,(TBD by UNLV),(TBD by UNLV),"University of Nevada, Las Vegas University Libraries",,Exterior,Will Durham,2016~/2020~
,NNN000672-001,,,,,,,,,,,,,,,,,,,,,,,,,,
,NNN000672-002,,,,,,,,,,,,,,,,,,,,,,,,,,
7/9/2021 10:36:54,NNN000673,DSC_0602.Trip2.JPG; DSC_0603.Trip2.JPG; DSC_0704.Trip2.JPG; DSC_0705.Trip2.JPG,"Fast Glass wall mounted sign, Winnemucca, Nevada","<p>View of the Gold Country R.V. Park sign during the day with unlit neon.</p><p>2050 Idaho St, Elko, NV 89801</p></br>","Durham, Will",XXXX,,"<p>3200 Traders Way b, Winnemucca, NV 89445</p>",,,,"lit, unlit","day, night","Neon Sign -- http://id.worldcat.org/fast/1035830, Neon Lighting -- http://id.worldcat.org/fast/1035826, Neon Sculpture -- http://id.worldcat.org/fast/1035829",,https://creativecommons.org/licenses/by-nc/4.0/,image/jpeg,image,Digitized materials: physical originals are not held by UNLV Special Collections and Archives,Northern Nevada Neon,(TBD by UNLV),(TBD by UNLV),"University of Nevada, Las Vegas University Libraries",,Exterior,Will Durham,2016~/2020~
,NNN000673-001,,,,,,,,,,,,,,,,,,,,,,,,,,
,NNN000673-002,,,,,,,,,,,,,,,,,,,,,,,,,,
,NNN000673-003,,,,,,,,,,,,,,,,,,,,,,,,,,
,NNN000673-004,,,,,,,,,,,,,,,,,,,,,,,,,,
7/9/2021 10:44:38,NNN000674,DSC_0124.Trip2.JPG; DSC_0125.Trip2.JPG; DSC_0127.Trip2.JPG; DSC_0128.Trip2.JPG,"Floyd's Fireside Lounge roof mounted sign, Reno, Nevada","<p>View of the wall mounted sign for the Goodwill in Carson City at dust with lit neon.</p><p>3520 US-50, Carson City, NV 89701</p></br>","Durham, Will",XXXX,,"<p>698 Kietzke Ln, Reno, NV 89502</p>",,,,unlit,morning,"Neon Sign -- http://id.worldcat.org/fast/1035830, Neon Lighting -- http://id.worldcat.org/fast/1035826, Neon Sculpture -- http://id.worldcat.org/fast/1035829, Bars (Drinking establishments) -- http://id.worldcat.org/fast/827779",,https://creativecommons.org/licenses/by-nc/4.0/,image/jpeg,image,Digitized materials: physical originals are not held by UNLV Special Collections and Archives,Northern Nevada Neon,(TBD by UNLV),(TBD by UNLV),"University of Nevada, Las Vegas University Libraries",,Exterior,Will Durham,2016~/2020~
,NNN000674-001,,,,,,,,,,,,,,,,,,,,,,,,,,
,NNN000674-002,,,,,,,,,,,,,,,,,,,,,,,,,,
,NNN000674-003,,,,,,,,,,,,,,,,,,,,,,,,,,
,NNN000674-004,,,,,,,,,,,,,,,,,,,,,,,,,,
7/9/2021 11:10:08,NNN000675,DSC_0186.Trip2.JPG; DSC_0187.Trip2.JPG; DSC_0190.Trip2.JPG; DSC_0191.Trip2.JPG,"Frontier Motel double mounted sign, Carson City, Nevada","<p>View of the Hanson Street Liquor sign during the day with unlit neon.</p><p>566 Hanson St #2, Winnemucca, NV 89445</p></br>","Durham, Will",XXXX,,"<p>1718 N Carson St, Carson City, NV 89701</p>",,,,unlit,day,"Neon Sign -- http://id.worldcat.org/fast/1035830, Neon Lighting -- http://id.worldcat.org/fast/1035826, Neon Sculpture -- http://id.worldcat.org/fast/1035829, Motels -- http://id.worldcat.org/fast/1026838",,https://creativecommons.org/licenses/by-nc/4.0/,image/jpeg,image,Digitized materials: physical originals are not held by UNLV Special Collections and Archives,Northern Nevada Neon,(TBD by UNLV),(TBD by UNLV),"University of Nevada, Las Vegas University Libraries",,Exterior,Will Durham,2016~/2020~
,NNN000675-001,,,,,,,,,,,,,,,,,,,,,,,,,,
,NNN000675-002,,,,,,,,,,,,,,,,,,,,,,,,,,
,NNN000675-003,,,,,,,,,,,,,,,,,,,,,,,,,,
,NNN000675-004,,,,,,,,,,,,,,,,,,,,,,,,,,
7/9/2021 11:21:11,NNN000676,DSC_0625.Trip2.JPG; DSC_0626.Trip2.JPG; DSC_0627.Trip2.JPG; DSC_0629.Trip2.JPG; DSC_0630.Trip2.JPG; DSC_0760.Trip2.JPG; DSC_0761.Trip2.JPG,"Frontier Motel wall mounted signs, Winnemucca, Nevada","<p>View of the double mounted sign for the Hi Ho Motor Lodge during the day with unlit neon.</p><p>1233 E 4th St, Reno, NV 89512</p></br>","Durham, Will",XXXX,,"<p>410 E Winnemucca Blvd, Winnemucca, NV 89445</p>",,,,lit,"day, night","Neon Sign -- http://id.worldcat.org/fast/1035830, Neon Lighting -- http://id.worldcat.org/fast/1035826, Neon Sculpture -- http://id.worldcat.org/fast/1035829, Motels -- http://id.worldcat.org/fast/1026838",,https://creativecommons.org/licenses/by-nc/4.0/,image/jpeg,image,Digitized materials: physical originals are not held by UNLV Special Collections and Archives,Northern Nevada Neon,(TBD by UNLV),(TBD by UNLV),"University of Nevada, Las Vegas University Libraries",,Exterior,Will Durham,2016~/2020~
,NNN000676-001,,,,,,,,,,,,,,,,,,,,,,,,,,
,NNN000676-002,,,,,,,,,,,,,,,,,,,,,,,,,,
,NNN000676-003,,,,,,,,,,,,,,,,,,,,,,,,,,
,NNN000676-004,,,,,,,,,,,,,,,,,,,,,,,,,,
,NNN000676-005,,,,,,,,,,,,,,,,,,,,,,,,,,
,NNN000676-006,,,,,,,,,,,,,,,,,,,,,,,,,,
,NNN000676-007,,,,,,,,,,,,,,,,,,,,,,,,,,
7/12/2021 11:27:24,NNN000677,DSC_0345.Trip2.JPG; DSC_0346.Trip2.JPG,"Gold Coin Motel mounted sign, Reno, Nevada","<p>View of the wall mounted signs around the Hi-Way 40 Motel office building during the day.</p><p>1750 E 4th St, Reno, NV 89512</p></br>","Durham, Will",XXXX,,"<p>2555 E 4th St, Reno, NV 89512</p>",,,,unlit,day,"Neon Sign -- http://id.worldcat.org/fast/1035830, Neon Lighting -- http://id.worldcat.org/fast/1035826, Neon Sculpture -- http://id.worldcat.org/fast/1035829, Motels -- http://id.worldcat.org/fast/1026838",,https://creativecommons.org/licenses/by-nc/4.0/,image/jpeg,image,Digitized materials: physical originals are not held by UNLV Special Collections and Archives,Northern Nevada Neon,(TBD by UNLV),(TBD by UNLV),"University of Nevada, Las Vegas University Libraries",,Exterior,Will Durham,2016~/2020~
,NNN000677-001,,,,,,,,,,,,,,,,,,,,,,,,,,
,NNN000677-002,,,,,,,,,,,,,,,,,,,,,,,,,,
7/12/2021 11:36:54,NNN000678,DSC_0864.Trip2.JPG; DSC_0865.Trip2.JPG; DSC_0866.Trip2.JPG; DSC_0988.Trip2.JPG,"Gold Country Inn & Casino double mounted sign, Elko, Nevada","<p>View of the Hi-Way 40 Motel sign during the day.</p><p>1750 E 4th St, Reno, NV 89512</p></br>","Durham, Will",XXXX,,"<p>2050 Idaho St, Elko, NV 89801</p>",,,,"lit, unlit","day, night","Neon Sign -- http://id.worldcat.org/fast/1035830, Neon Lighting -- http://id.worldcat.org/fast/1035826, Neon Sculpture -- http://id.worldcat.org/fast/1035829, Casinos -- http://id.worldcat.org/fast/848246, Hotels -- http://id.worldcat.org/fast/961767",,https://creativecommons.org/licenses/by-nc/4.0/,image/jpeg,image,Digitized materials: physical originals are not held by UNLV Special Collections and Archives,Northern Nevada Neon,(TBD by UNLV),(TBD by UNLV),"University of Nevada, Las Vegas University Libraries",,Exterior,Will Durham,2016~/2020~
,NNN000678-001,,,,,,,,,,,,,,,,,,,,,,,,,,
,NNN000678-002,,,,,,,,,,,,,,,,,,,,,,,,,,
,NNN000678-003,,,,,,,,,,,,,,,,,,,,,,,,,,
,NNN000678-004,,,,,,,,,,,,,,,,,,,,,,,,,,
7/12/2021 11:38:52,NNN000679,DSC_0989.Trip2.JPG,"Gold Country Inn & Casino double mounted and wall mounted signs, Elko, Nevada","<p>View of the Ho Hum Motel's flag mounted sign at dusk with unlit neon with detail shots of the office and vacancy signs.</p><p>025 S Virginia St #2417, Reno, NV 89502</p></br>","Durham, Will",XXXX,,"<p>2050 Idaho St, Elko, NV 89801</p>",,,,unlit,day,"Neon Sign -- http://id.worldcat.org/fast/1035830, Neon Lighting -- http://id.worldcat.org/fast/1035826, Neon Sculpture -- http://id.worldcat.org/fast/1035829, Hotels -- http://id.worldcat.org/fast/961767",,https://creativecommons.org/licenses/by-nc/4.0/,image/jpeg,image,Digitized materials: physical originals are not held by UNLV Special Collections and Archives,Northern Nevada Neon,(TBD by UNLV),(TBD by UNLV),"University of Nevada, Las Vegas University Libraries",,Exterior,Will Durham,2016~/2020~
,NNN000679-001,,,,,,,,,,,,,,,,,,,,,,,,,,
7/12/2021 11:42:42,NNN000680,DSC_0990.Trip2.JPG,"Gold Country Inn & Casino wall mounted sign, Elko, NevadaReno, Nevada","<p>View of the Holiday Motel sign at night with lit neon and during the day with unlit neon.</p><p>1276 Idaho St, Elko, NV 89801</p></br>","Durham, Will",XXXX,,"<p>2050 Idaho St, Elko, NV 89801</p>",,,,unlit,day,"Neon Sign -- http://id.worldcat.org/fast/1035830, Neon Lighting -- http://id.worldcat.org/fast/1035826, Neon Sculpture -- http://id.worldcat.org/fast/1035829, Casinos -- http://id.worldcat.org/fast/848246, Hotels -- http://id.worldcat.org/fast/961767",,https://creativecommons.org/licenses/by-nc/4.0/,image/jpeg,image,Digitized materials: physical originals are not held by UNLV Special Collections and Archives,Northern Nevada Neon,(TBD by UNLV),(TBD by UNLV),"University of Nevada, Las Vegas University Libraries",,Exterior,Will Durham,2016~/2020~
,NNN000680-001,,,,,,,,,,,,,,,,,,,,,,,,,,
7/12/2021 11:45:57,NNN000681,DSC_0982.Trip2.JPG,"Gold Country R.V. Park mounted sign, Elko, Nevada","<p>View of the mounted sign for Holiday Motel Winnemucca during the day with unlit neon and at night while lit.</p><p>670 W Winnemucca Blvd, Winnemucca, NV 89445</p></br>","Durham, Will",XXXX,,"<p>2050 Idaho St, Elko, NV 89801</p>",,,,unlit,day,"Neon Sign -- http://id.worldcat.org/fast/1035830, Neon Lighting -- http://id.worldcat.org/fast/1035826, Neon Sculpture -- http://id.worldcat.org/fast/1035829",,https://creativecommons.org/licenses/by-nc/4.0/,image/jpeg,image,Digitized materials: physical originals are not held by UNLV Special Collections and Archives,Northern Nevada Neon,(TBD by UNLV),(TBD by UNLV),"University of Nevada, Las Vegas University Libraries",,Exterior,Will Durham,2016~/2020~
,NNN000681-001,,,,,,,,,,,,,,,,,,,,,,,,,,
7/12/2021 12:00:33,NNN000682,DSC_0309.Trip2.JPG; DSC_0310.Trip2.JPG,"Goodwill wall mounted sign, Carson City, Nevada","<p>View of the El Cortez Hotel during the day with unlit neon.</p><p>239 W 2nd St, Reno, NV 89501</p></br>","Durham, Will",XXXX,,"<p>3520 US-50, Carson City, NV 89701</p>",,,,lit,dusk,"Neon Sign -- http://id.worldcat.org/fast/1035830, Neon Lighting -- http://id.worldcat.org/fast/1035826, Neon Sculpture -- http://id.worldcat.org/fast/1035829",,https://creativecommons.org/licenses/by-nc/4.0/,image/jpeg,image,Digitized materials: physical originals are not held by UNLV Special Collections and Archives,Northern Nevada Neon,(TBD by UNLV),(TBD by UNLV),"University of Nevada, Las Vegas University Libraries",,Exterior,Will Durham,2020
,NNN000682-001,,,,,,,,,,,,,,,,,,,,,,,,,,
,NNN000682-002,,,,,,,,,,,,,,,,,,,,,,,,,,
7/12/2021 12:25:57,NNN000683,DSC_0693.Trip2.JPG; DSC_0694.Trip2.JPG; DSC_0695.Trip2.JPG,"Hanson Street Liquor flag mounted sign, Winnemucca, Nevada","<p>View of the double mounted sign for Iron Horse RV Resort during the day with unlit neon.</p><p>3400 Idaho St, Elko, NV 89801</p></br>","Durham, Will",XXXX,,"<p>566 Hanson St #2, Winnemucca, NV 89445</p>",,,,unlit,day,"Neon Sign -- http://id.worldcat.org/fast/1035830, Neon Lighting -- http://id.worldcat.org/fast/1035826, Neon Sculpture -- http://id.worldcat.org/fast/1035829",,https://creativecommons.org/licenses/by-nc/4.0/,image/jpeg,image,Digitized materials: physical originals are not held by UNLV Special Collections and Archives,Northern Nevada Neon,(TBD by UNLV),(TBD by UNLV),"University of Nevada, Las Vegas University Libraries",,Exterior,Will Durham,2016~/2020~
,NNN000683-001,,,,,,,,,,,,,,,,,,,,,,,,,,
,NNN000683-002,,,,,,,,,,,,,,,,,,,,,,,,,,
,NNN000683-003,,,,,,,,,,,,,,,,,,,,,,,,,,
7/12/2021 12:33:00,NNN000684,DSC_0475.Trip2.JPG; DSC_0476.Trip2.JPG,"Hi Ho Motor Lodge double mounted sign, Reno, Nevada","<p>View of the Jackpot Crossing Casino during the day with lit neon.</p><p>1897 N Edmonds Dr, Carson City, NV 89701</p></br>","Durham, Will",XXXX,,"<p>1233 E 4th St, Reno, NV 89512</p>",,,,unlit,day,"Neon Sign -- http://id.worldcat.org/fast/1035830, Neon Lighting -- http://id.worldcat.org/fast/1035826, Neon Sculpture -- http://id.worldcat.org/fast/1035829, Hotels -- http://id.worldcat.org/fast/961767",,https://creativecommons.org/licenses/by-nc/4.0/,image/jpeg,image,Digitized materials: physical originals are not held by UNLV Special Collections and Archives,Northern Nevada Neon,(TBD by UNLV),(TBD by UNLV),"University of Nevada, Las Vegas University Libraries",,Exterior,Will Durham,2016~/2020~
,NNN000684-001,,,,,,,,,,,,,,,,,,,,,,,,,,
,NNN000684-002,,,,,,,,,,,,,,,,,,,,,,,,,,
7/12/2021 12:40:29,NNN000685,DSC_0323.Trip2.JPG,"Hi-Way 40 Motel wall mounted signs, Reno, Nevada","<p>View of the mounted sign for JR's Bar & Grill.</p><p>2050 Idaho St, Elko, NV 89801</p></br>","Durham, Will",XXXX,,"<p>1750 E 4th St, Reno, NV 89512</p>",,,,unlit,day,Motels -- http://id.worldcat.org/fast/1026838,,https://creativecommons.org/licenses/by-nc/4.0/,image/jpeg,image,Digitized materials: physical originals are not held by UNLV Special Collections and Archives,Northern Nevada Neon,(TBD by UNLV),(TBD by UNLV),"University of Nevada, Las Vegas University Libraries",,Exterior,Will Durham,2016~/2020~
,NNN000685-001,,,,,,,,,,,,,,,,,,,,,,,,,,
7/12/2021 12:49:26,NNN000686,DSC_0324.Trip2.JPG; DSC_0325.Trip2.JPG,"Hi-Way 40 Motel mounted sign, Reno, Nevada","<p>View of Jub Jub's Thirst Parlor during the day with the windows boarded.</p><p>71 S Wells Ave, Reno, NV 89502</p></br>","Durham, Will",XXXX,,"<p>1750 E 4th St, Reno, NV 89512</p>",,,,unlit,day,"Neon Sign -- http://id.worldcat.org/fast/1035830, Neon Lighting -- http://id.worldcat.org/fast/1035826, Neon Sculpture -- http://id.worldcat.org/fast/1035829, Motels -- http://id.worldcat.org/fast/1026838",,https://creativecommons.org/licenses/by-nc/4.0/,image/jpeg,image,Digitized materials: physical originals are not held by UNLV Special Collections and Archives,Northern Nevada Neon,(TBD by UNLV),(TBD by UNLV),"University of Nevada, Las Vegas University Libraries",,Exterior,Will Durham,2016~/2020~
,NNN000686-001,,,,,,,,,,,,,,,,,,,,,,,,,,
,NNN000686-002,,,,,,,,,,,,,,,,,,,,,,,,,,
7/12/2021 13:57:09,NNN000687,DSC_0011.Trip2.JPG; DSC_0012.Trip2.JPG; DSC_0013.Trip2.JPG; DSC_0014.Trip2.JPG; DSC_0053.Trip2.JPG; DSC_0055.Trip2.JPG,"Ho Hum Motel flag mounted signs, Reno, Nevada","<p>View of the mounted sign for the Kit Kat Guest Ranch during the day with unlit neon.</p><p>48 Kit Kat Dr, Mound House, NV 89706</p></br>","Durham, Will",XXXX,,"<p>025 S Virginia St #2417, Reno, NV 89502</p>",,,,unlit,dusk,"Neon Sign -- http://id.worldcat.org/fast/1035830, Neon Lighting -- http://id.worldcat.org/fast/1035826, Neon Sculpture -- http://id.worldcat.org/fast/1035829, Motels -- http://id.worldcat.org/fast/1026838",,https://creativecommons.org/licenses/by-nc/4.0/,image/jpeg,image,Digitized materials: physical originals are not held by UNLV Special Collections and Archives,Northern Nevada Neon,(TBD by UNLV),(TBD by UNLV),"University of Nevada, Las Vegas University Libraries",,Exterior,Will Durham,2016~/2020~
,NNN000687-001,,,,,,,,,,,,,,,,,,,,,,,,,,
,NNN000687-002,,,,,,,,,,,,,,,,,,,,,,,,,,
,NNN000687-003,,,,,,,,,,,,,,,,,,,,,,,,,,
,NNN000687-004,,,,,,,,,,,,,,,,,,,,,,,,,,
,NNN000687-005,,,,,,,,,,,,,,,,,,,,,,,,,,
,NNN000687-006,,,,,,,,,,,,,,,,,,,,,,,,,,
7/12/2021 14:13:16,NNN000688,DSC_0965.Trip2.JPG; DSC_0966.Trip2.JPG; DSC_0967.Trip2.JPG; DSC_0968.Trip2.JPG; DSC_0969.Trip2.JPG; DSC_0970.Trip2.JPG; DSC_0974.Trip2.JPG; DSC_0975.Trip2.JPG; DSC_0995.Trip2.JPG; DSC_0996.Trip2.JPG,"Holiday Motel flag mounted sign, Elko, Nevada","<p>View of the sign for La Parada during the day with unlit neon.</p><p>301 Kietzke Ln, Reno, NV 89502</p></br>","Durham, Will",XXXX,,"<p>1276 Idaho St, Elko, NV 89801</p>",,,,"lit, unlit","morning, night","Neon Sign -- http://id.worldcat.org/fast/1035830, Neon Lighting -- http://id.worldcat.org/fast/1035826, Neon Sculpture -- http://id.worldcat.org/fast/1035829, Motels -- http://id.worldcat.org/fast/1026838",,https://creativecommons.org/licenses/by-nc/4.0/,image/jpeg,image,Digitized materials: physical originals are not held by UNLV Special Collections and Archives,Northern Nevada Neon,(TBD by UNLV),(TBD by UNLV),"University of Nevada, Las Vegas University Libraries",,Exterior,Will Durham,2016~/2020~
,NNN000688-001,,,,,,,,,,,,,,,,,,,,,,,,,,
,NNN000688-002,,,,,,,,,,,,,,,,,,,,,,,,,,
,NNN000688-003,,,,,,,,,,,,,,,,,,,,,,,,,,
,NNN000688-004,,,,,,,,,,,,,,,,,,,,,,,,,,
,NNN000688-005,,,,,,,,,,,,,,,,,,,,,,,,,,
,NNN000688-006,,,,,,,,,,,,,,,,,,,,,,,,,,
,NNN000688-007,,,,,,,,,,,,,,,,,,,,,,,,,,
,NNN000688-008,,,,,,,,,,,,,,,,,,,,,,,,,,
,NNN000688-009,,,,,,,,,,,,,,,,,,,,,,,,,,
,NNN000688-010,,,,,,,,,,,,,,,,,,,,,,,,,,
7/12/2021 14:33:22,NNN000689,DSC_0620.Trip2.JPG; DSC_0690.Trip2.JPG; DSC_0691.Trip2.JPG,"Holiday Motel Winnemucca mounted sign, Winnemucca, Nevada","<p>View of the flag mounted sign for the Laughing Planet during the day with unlit neon.</p><p>941 N Virginia St, Reno, NV 89503</p></br>","Durham, Will",XXXX,,"<p>670 W Winnemucca Blvd, Winnemucca, NV 89445</p>",,,,"lit, unlit","day, night","Neon Sign -- http://id.worldcat.org/fast/1035830, Neon Lighting -- http://id.worldcat.org/fast/1035826, Neon Sculpture -- http://id.worldcat.org/fast/1035829, Motels -- http://id.worldcat.org/fast/1026838",,https://creativecommons.org/licenses/by-nc/4.0/,image/jpeg,image,Digitized materials: physical originals are not held by UNLV Special Collections and Archives,Northern Nevada Neon,(TBD by UNLV),(TBD by UNLV),"University of Nevada, Las Vegas University Libraries",,Exterior,Will Durham,2016~/2020~
,NNN000689-001,,,,,,,,,,,,,,,,,,,,,,,,,,
,NNN000689-002,,,,,,,,,,,,,,,,,,,,,,,,,,
,NNN000689-003,,,,,,,,,,,,,,,,,,,,,,,,,,
7/12/2021 14:43:29,NNN000690,DSC_0070.Trip2.JPG; DSC_0071.Trip2.JPG; DSC_0072.Trip2.JPG; DSC_0524.Trip2.JPG; DSC_0525.Trip2.JPG,"El Cortez Hotel roof mounted sign, Reno, Nevada",<p>View of a sign for Lee Armstrong's Flyin Pig during the day with unlit neon.</p></br>,"Durham, Will",1931,,"<p>239 W 2nd St, Reno, NV 89501</p>",,,,unlit,day,"Neon Sign -- http://id.worldcat.org/fast/1035830, Neon Lighting -- http://id.worldcat.org/fast/1035826, Neon Sculpture -- http://id.worldcat.org/fast/1035829, Hotels -- http://id.worldcat.org/fast/961767",,https://creativecommons.org/licenses/by-nc/4.0/,image/jpeg,image,Digitized materials: physical originals are not held by UNLV Special Collections and Archives,Northern Nevada Neon,(TBD by UNLV),(TBD by UNLV),"University of Nevada, Las Vegas University Libraries",,Exterior,Will Durham,2016~/2020~
,NNN000690-001,,,,,,,,,,,,,,,,,,,,,,,,,,
,NNN000690-002,,,,,,,,,,,,,,,,,,,,,,,,,,
,NNN000690-003,,,,,,,,,,,,,,,,,,,,,,,,,,
,NNN000690-004,,,,,,,,,,,,,,,,,,,,,,,,,,
,NNN000690-005,,,,,,,,,,,,,,,,,,,,,,,,,,
7/12/2021 14:47:45,NNN000691,DSC_0977.Trip2.JPG,"Iron Horse RV Resort double mounted sign, Elko, Nevada","<p>View of the sign for Libido Adult Store & Theater during the day with unlit neon.</p><p>1052 S Virginia St, Reno, NV 89502</p></br>","Durham, Will",XXXX,,"<p>3400 Idaho St, Elko, NV 89801</p>",,,,unlit,day,"Neon Sign -- http://id.worldcat.org/fast/1035830, Neon Lighting -- http://id.worldcat.org/fast/1035826, Neon Sculpture -- http://id.worldcat.org/fast/1035829",,https://creativecommons.org/licenses/by-nc/4.0/,image/jpeg,image,Digitized materials: physical originals are not held by UNLV Special Collections and Archives,Northern Nevada Neon,(TBD by UNLV),(TBD by UNLV),"University of Nevada, Las Vegas University Libraries",,Exterior,Will Durham,2016~/2020~
,NNN000691-001,,,,,,,,,,,,,,,,,,,,,,,,,,
7/12/2021 14:54:30,NNN000692,DSC_0283.Trip2.JPG; DSC_0289.Trip2.JPG; DSC_0293.Trip2.JPG,"Jackpot Crossing Casino wall mounted signs, Carson City, Nevada","<p>View of the wall mounted sign for Lili's Restaurant during the day with unlit neon.</p><p>2325 Kietzke Ln, Reno, NV 89502</p></br>","Durham, Will",XXXX,,"<p>1897 N Edmonds Dr, Carson City, NV 89701</p>",,,,lit,day,"Neon Sign -- http://id.worldcat.org/fast/1035830, Neon Lighting -- http://id.worldcat.org/fast/1035826, Neon Sculpture -- http://id.worldcat.org/fast/1035829, Casinos -- http://id.worldcat.org/fast/848246",,https://creativecommons.org/licenses/by-nc/4.0/,image/jpeg,image,Digitized materials: physical originals are not held by UNLV Special Collections and Archives,Northern Nevada Neon,(TBD by UNLV),(TBD by UNLV),"University of Nevada, Las Vegas University Libraries",,Exterior,Will Durham,2016~/2020~
,NNN000692-001,,,,,,,,,,,,,,,,,,,,,,,,,,
,NNN000692-002,,,,,,,,,,,,,,,,,,,,,,,,,,
,NNN000692-003,,,,,,,,,,,,,,,,,,,,,,,,,,
7/12/2021 15:04:26,NNN000693,DSC_0868.Trip2.JPG; DSC_0873.Trip2.JPG; DSC_0874.Trip2.JPG; DSC_0983.Trip2.JPG; DSC_0984.Trip2.JPG;  DSC_0985.Trip2.JPG,"JR's Bar & Grill mounted sign, Elko, Nevada",,"Durham, Will",XXXX,,"<p>2050 Idaho St, Elko, NV 89801</p>",,,,"lit, unlit","day, night","Neon Sign -- http://id.worldcat.org/fast/1035830, Neon Lighting -- http://id.worldcat.org/fast/1035826, Neon Sculpture -- http://id.worldcat.org/fast/1035829, Bars (Drinking establishments) -- http://id.worldcat.org/fast/827779, Restaurant -- http://id.worldcat.org/fast/1095907",,https://creativecommons.org/licenses/by-nc/4.0/,image/jpeg,image,Digitized materials: physical originals are not held by UNLV Special Collections and Archives,Northern Nevada Neon,(TBD by UNLV),(TBD by UNLV),"University of Nevada, Las Vegas University Libraries",,Exterior,Will Durham,2016~/2020~
,NNN000693-001,,,,,,,,,,,,,,,,,,,,,,,,,,
,NNN000693-002,,,,,,,,,,,,,,,,,,,,,,,,,,
,NNN000693-003,,,,,,,,,,,,,,,,,,,,,,,,,,
,NNN000693-004,,,,,,,,,,,,,,,,,,,,,,,,,,
,NNN000693-005,,,,,,,,,,,,,,,,,,,,,,,,,,
,NNN000693-006,,,,,,,,,,,,,,,,,,,,,,,,,,
7/12/2021 15:08:16,NNN000694,DSC_0150.Trip2.JPG; DSC_0151.Trip2.JPG,"Jub Jub's Thirst Parlor wall mounted sign, Reno, Nevada",,"Durham, Will",XXXX,,"<p>71 S Wells Ave, Reno, NV 89502</p>",,,,unlit,day,"Neon Sign -- http://id.worldcat.org/fast/1035830, Neon Lighting -- http://id.worldcat.org/fast/1035826, Neon Sculpture -- http://id.worldcat.org/fast/1035829, Bars (Drinking establishments) -- http://id.worldcat.org/fast/827779",,https://creativecommons.org/licenses/by-nc/4.0/,image/jpeg,image,Digitized materials: physical originals are not held by UNLV Special Collections and Archives,Northern Nevada Neon,(TBD by UNLV),(TBD by UNLV),"University of Nevada, Las Vegas University Libraries",,Exterior,Will Durham,2016~/2020~
,NNN000694-001,,,,,,,,,,,,,,,,,,,,,,,,,,
,NNN000694-002,,,,,,,,,,,,,,,,,,,,,,,,,,
7/12/2021 15:13:28,NNN000695,DSC_0268.Trip2.JPG; DSC_0269.Trip2.JPG,"Kat Kat Guest Ranch, Mound House, Nevada",,"Durham, Will",1963,,"<p>48 Kit Kat Dr, Mound House, NV 89706</p>",,,,unlit,day,"Neon Sign -- http://id.worldcat.org/fast/1035830, Neon Lighting -- http://id.worldcat.org/fast/1035826, Neon Sculpture -- http://id.worldcat.org/fast/1035829, Brothels -- http://id.worldcat.org/fast/1765181",,https://creativecommons.org/licenses/by-nc/4.0/,image/jpeg,image,Digitized materials: physical originals are not held by UNLV Special Collections and Archives,Northern Nevada Neon,(TBD by UNLV),(TBD by UNLV),"University of Nevada, Las Vegas University Libraries",,Exterior,Will Durham,2016~/2020~
,NNN000695-001,,,,,,,,,,,,,,,,,,,,,,,,,,
,NNN000695-002,,,,,,,,,,,,,,,,,,,,,,,,,,
7/12/2021 15:19:31,NNN000696,DSC_0142.Trip2.JPG; DSC_0143.Trip2.JPG; DSC_0144.Trip2.JPG; DSC_0146.Trip2.JPG; DSC_0147.Trip2.JPG,"La Parada mounted sign, Reno, Nevada",,"Durham, Will",XXXX,,"<p>301 Kietzke Ln, Reno, NV 89502</p>",,,,unlit,day,"Neon Sign -- http://id.worldcat.org/fast/1035830, Neon Lighting -- http://id.worldcat.org/fast/1035826, Neon Sculpture -- http://id.worldcat.org/fast/1035829, Restaurant -- http://id.worldcat.org/fast/1095907",,https://creativecommons.org/licenses/by-nc/4.0/,image/jpeg,image,Digitized materials: physical originals are not held by UNLV Special Collections and Archives,Northern Nevada Neon,(TBD by UNLV),(TBD by UNLV),"University of Nevada, Las Vegas University Libraries",,Exterior,Will Durham,2016~/2020~
,NNN000696-001,,,,,,,,,,,,,,,,,,,,,,,,,,
,NNN000696-002,,,,,,,,,,,,,,,,,,,,,,,,,,
,NNN000696-003,,,,,,,,,,,,,,,,,,,,,,,,,,
,NNN000696-004,,,,,,,,,,,,,,,,,,,,,,,,,,
,NNN000696-005,,,,,,,,,,,,,,,,,,,,,,,,,,
7/12/2021 15:25:00,NNN000697,DSC_0453.Trip2.JPG; DSC_0454.Trip2.JPG; DSC_0455.Trip2.JPG,"Laughing Planet flag mounted sign, Reno, Nevada",,"Durham, Will",XXXX,,"<p>941 N Virginia St, Reno, NV 89503</p>",,,,unlit,day,"Neon Sign -- http://id.worldcat.org/fast/1035830, Neon Lighting -- http://id.worldcat.org/fast/1035826, Neon Sculpture -- http://id.worldcat.org/fast/1035829, Restaurant -- http://id.worldcat.org/fast/1095907",,https://creativecommons.org/licenses/by-nc/4.0/,image/jpeg,image,Digitized materials: physical originals are not held by UNLV Special Collections and Archives,Northern Nevada Neon,(TBD by UNLV),(TBD by UNLV),"University of Nevada, Las Vegas University Libraries",,Exterior,Will Durham,2016~/2020~
,NNN000697-001,,,,,,,,,,,,,,,,,,,,,,,,,,
,NNN000697-002,,,,,,,,,,,,,,,,,,,,,,,,,,
,NNN000697-003,,,,,,,,,,,,,,,,,,,,,,,,,,
7/12/2021 15:30:28,NNN000698,DSC_0707.Trip2.JPG; DSC_0708.Trip2.JPG; DSC_0709.Trip2.JPG,"Lee Armstrong's Flyin Pig wall mounted sign, Winnemucca, Nevada",,"Durham, Will",XXXX,,,,,,unlit,day,"Neon Sign -- http://id.worldcat.org/fast/1035830, Neon Lighting -- http://id.worldcat.org/fast/1035826, Neon Sculpture -- http://id.worldcat.org/fast/1035829, Bars (Drinking establishments) -- http://id.worldcat.org/fast/827779",,https://creativecommons.org/licenses/by-nc/4.0/,image/jpeg,image,Digitized materials: physical originals are not held by UNLV Special Collections and Archives,Northern Nevada Neon,(TBD by UNLV),(TBD by UNLV),"University of Nevada, Las Vegas University Libraries",,Exterior,Will Durham,2016~/2020~
,NNN000698-001,,,,,,,,,,,,,,,,,,,,,,,,,,
,NNN000698-002,,,,,,,,,,,,,,,,,,,,,,,,,,
,NNN000698-003,,,,,,,,,,,,,,,,,,,,,,,,,,
7/12/2021 15:34:49,NNN000699,DSC_0016.Trip2.JPG; DSC_0017.Trip2.JPG; DSC_0020.Trip2.JPG,"Libido Adult Store & Theater roof mounted sign, Reno, Nevada",,"Durham, Will",XXXX,,"<p>1052 S Virginia St, Reno, NV 89502</p>",,,,unlit,day,"Neon Sign -- http://id.worldcat.org/fast/1035830, Neon Lighting -- http://id.worldcat.org/fast/1035826, Neon Sculpture -- http://id.worldcat.org/fast/1035829",,https://creativecommons.org/licenses/by-nc/4.0/,image/jpeg,image,Digitized materials: physical originals are not held by UNLV Special Collections and Archives,Northern Nevada Neon,(TBD by UNLV),(TBD by UNLV),"University of Nevada, Las Vegas University Libraries",,Exterior,Will Durham,2016~/2020~
,NNN000699-001,,,,,,,,,,,,,,,,,,,,,,,,,,
,NNN000699-002,,,,,,,,,,,,,,,,,,,,,,,,,,
,NNN000699-003,,,,,,,,,,,,,,,,,,,,,,,,,,
7/12/2021 15:37:46,NNN000700,DSC_0158.Trip2.JPG; DSC_0159.Trip2.JPG,"Lili's Restaurant wall mounted sign, Reno, Nevada",,"Durham, Will",2009,,"<p>2325 Kietzke Ln, Reno, NV 89502</p>",,,,unlit,day,"Neon Sign -- http://id.worldcat.org/fast/1035830, Neon Lighting -- http://id.worldcat.org/fast/1035826, Neon Sculpture -- http://id.worldcat.org/fast/1035829, Restaurant -- http://id.worldcat.org/fast/1095907",,https://creativecommons.org/licenses/by-nc/4.0/,image/jpeg,image,Digitized materials: physical originals are not held by UNLV Special Collections and Archives,Northern Nevada Neon,(TBD by UNLV),(TBD by UNLV),"University of Nevada, Las Vegas University Libraries",,Exterior,Will Durham,2016~/2020~