timestamp|did|unr-file-name|unr-title|unr-desc|creator|date-inst|site-name|site-address|lat-lon|sign-manf|sign-owner|lit-unlit|time-day|subj-fast|print-pub|rights|format|dcmi|prov|proj-name|unr-cit|corr-guide|dig-pub|contrib|int-ext|rights-owner|date-img|BLANK28
"7/14/2021 18:38"|NNN000701|"DSC_0265.Trip2.JPG; DSC_0266.Trip2.JPG; DSC_0267.Trip2.JPG"|"Love Ranch mounted sign, Carson City, Nevada"|"<p>View of the mounted arrow sign for the Love Ranch in Carson city in the evening with unlit neon. A detail shot of a star sign is shown.</p>"|"Durham, Will"|XXXX|"Love Ranch"|"95 Kit Kat Dr, Carson City, NV 89706"|"39.208531, -119.663354"|||unlit|day|"Neon Sign -- http://id.worldcat.org/fast/1035830, Neon Lighting -- http://id.worldcat.org/fast/1035826, Neon Sculpture -- http://id.worldcat.org/fast/1035829, Brothels -- http://id.worldcat.org/fast/1765181"||https://creativecommons.org/licenses/by/4.0/|image/jpeg|image|"Digitized materials: physical originals are not held by UNLV Special Collections and Archives"|"Northern Nevada Neon"|"(TBD by UNLV)"|"(TBD by UNLV)"|"University of Nevada, Las Vegas University Libraries"||Exterior|||2016~/2020~
|NNN000701-001|||||||||||||||||||||||||||
|NNN000701-002|||||||||||||||||||||||||||
|NNN000701-003|||||||||||||||||||||||||||
"7/14/2021 18:56"|NNN000702|"DSC_0490.Trip2.JPG; DSC_0491.Trip2.JPG"|"Lucky Motel flag mounted sign, Reno, Nevada"|"<p>View of the flag mounted sign for the Lucky Motel during the day with unlit neon.</p>"|"Durham, Will"|XXXX||"1011 E 4th St, Reno, NV 89512"|"39.5329291, -119.8002087"|||unlit|day|"Neon Sign -- http://id.worldcat.org/fast/1035830, Neon Lighting -- http://id.worldcat.org/fast/1035826, Neon Sculpture -- http://id.worldcat.org/fast/1035829, Motels -- http://id.worldcat.org/fast/1026838"||https://creativecommons.org/licenses/by/4.0/|image/jpeg|image|"Digitized materials: physical originals are not held by UNLV Special Collections and Archives"|"Northern Nevada Neon"|"(TBD by UNLV)"|"(TBD by UNLV)"|"University of Nevada, Las Vegas University Libraries"||Exterior|||2016~/2020~
|NNN000702-001|||||||||||||||||||||||||||
|NNN000702-002|||||||||||||||||||||||||||
"7/14/2021 19:03"|NNN000703|"DSC_0919.Trip2.JPG; DSC_0920.Trip2.JPG; DSC_0930.Trip2.JPG; DSC_0135.Trip3.JPG; DSC_0136.Trip3.JPG; DSC_0137.Trip3.JPG; DSC_0138.Trip3.JPG"|"Manor Motor Lodge flag mounted sign, Elko, Nevada"|"<p>View of the flag mounted sign for the Manor Motor Lodge during the day with unlit neon and at night with lit neon.</p>"|"Durham, Will"|XXXX||"185 Idaho St, Elko, NV 89801"|"40.8302966, -115.7662962"|||"lit, unlit"|"morning, night"|"Neon Sign -- http://id.worldcat.org/fast/1035830, Neon Lighting -- http://id.worldcat.org/fast/1035826, Neon Sculpture -- http://id.worldcat.org/fast/1035829, Motels -- http://id.worldcat.org/fast/1026838"||https://creativecommons.org/licenses/by/4.0/|image/jpeg|image|"Digitized materials: physical originals are not held by UNLV Special Collections and Archives"|"Northern Nevada Neon"|"(TBD by UNLV)"|"(TBD by UNLV)"|"University of Nevada, Las Vegas University Libraries"||Exterior|||2016~/2020~
|NNN000703-001|||||||||||||||||||||||||||
|NNN000703-002|||||||||||||||||||||||||||
|NNN000703-003|||||||||||||||||||||||||||
|NNN000703-004|||||||||||||||||||||||||||
|NNN000703-005|||||||||||||||||||||||||||
|NNN000703-006|||||||||||||||||||||||||||
|NNN000703-007|||||||||||||||||||||||||||
"7/14/2021 19:38"|NNN000704|"DSC_0130.Trip2.JPG; DSC_0131.Trip2.JPG"|"Mark Fore & Strike Sporting Goods mounted sign, Reno, Nevada"|"<p>View of the mounted sign for Mark Fore & Strike mounted sign during the day with unlit neon.</p>"|"Durham, Will"|XXXX|"Mark Fore & Strike Sporting Goods"|"490 Kietzke Ln, Reno, NV 89502"|"39.5241997, -119.7885178"|||unlit|day|"Neon Sign -- http://id.worldcat.org/fast/1035830, Neon Lighting -- http://id.worldcat.org/fast/1035826, Neon Sculpture -- http://id.worldcat.org/fast/1035829"||https://creativecommons.org/licenses/by/4.0/|image/jpeg|image|"Digitized materials: physical originals are not held by UNLV Special Collections and Archives"|"Northern Nevada Neon"|"(TBD by UNLV)"|"(TBD by UNLV)"|"University of Nevada, Las Vegas University Libraries"||Exterior|||2016~/2020~
|NNN000704-001|||||||||||||||||||||||||||
|NNN000704-002|||||||||||||||||||||||||||
"7/14/2021 19:46"|NNN000705|"DSC_0134.Trip2.JPG; DSC_0136.Trip2.JPG; DSC_0138.Trip2.JPG; DSC_0139.Trip2.JPG; DSC_0140.Trip2.JPG"|"Mark Fore & Strike Sporting Goods mounted sign, Reno, Nevada"|"<p>View of a mounted sign for Mark Fore & Strike during the day with unlit neon.</p>"|"Durham, Will"|XXXX||"490 Kietzke Ln, Reno, NV 89502"|"39.5241997, -119.7885178"|||unlit|day|"Neon Sign -- http://id.worldcat.org/fast/1035830, Neon Lighting -- http://id.worldcat.org/fast/1035826, Neon Sculpture -- http://id.worldcat.org/fast/1035829"||https://creativecommons.org/licenses/by/4.0/|image/jpeg|image|"Digitized materials: physical originals are not held by UNLV Special Collections and Archives"|"Northern Nevada Neon"|"(TBD by UNLV)"|"(TBD by UNLV)"|"University of Nevada, Las Vegas University Libraries"||Exterior|||2016~/2020~
|NNN000705-001|||||||||||||||||||||||||||
|NNN000705-002|||||||||||||||||||||||||||
|NNN000705-003|||||||||||||||||||||||||||
|NNN000705-004|||||||||||||||||||||||||||
|NNN000705-005|||||||||||||||||||||||||||
"7/14/2021 20:04"|NNN000706|"DSC_0407.Trip2.JPG; DSC_0409.Trip2.JPG; DSC_0410.Trip2.JPG; DSC_0411.Trip2.JPG; DSC_0412.Trip2.JPG; DSC_0642.Trip4.JPG"|"Mi Casa Too! double mounted sign, Reno, Nevada"|"<p>View of the double mounted sign for Mi Casa Too during the day with unlit neon.</p>"|"Durham, Will"|XXXX||"2205 W 4th St, Reno, NV 89503"|"39.5230145, -119.8390868"|||unlit|day|"Neon Sign -- http://id.worldcat.org/fast/1035830, Neon Lighting -- http://id.worldcat.org/fast/1035826, Neon Sculpture -- http://id.worldcat.org/fast/1035829, Restaurant -- http://id.worldcat.org/fast/1095907"||https://creativecommons.org/licenses/by/4.0/|image/jpeg|image|"Digitized materials: physical originals are not held by UNLV Special Collections and Archives"|"Northern Nevada Neon"|"(TBD by UNLV)"|"(TBD by UNLV)"|"University of Nevada, Las Vegas University Libraries"||Exterior|||2016~/2020~
|NNN000706-001|||||||||||||||||||||||||||
|NNN000706-002|||||||||||||||||||||||||||
|NNN000706-003|||||||||||||||||||||||||||
|NNN000706-004|||||||||||||||||||||||||||
|NNN000706-005|||||||||||||||||||||||||||
|NNN000706-006|||||||||||||||||||||||||||
"7/15/2021 18:35"|NNN000707|"DSC_0114.Trip2.JPG; DSC_0115.Trip2.JPG;  DSC_0116.Trip2.JPG"|"Midtown Motel flag mounted sign, Reno, Nevada"|"<p>View of the Midtown Motel during the day with unlit neon. A detail shot of the office sign is included.</p>"|"Durham, Will"|XXXX||"611 W 2nd St, Reno, NV 89503"|"39.5255128, -119.8213371"|||unlit|day|"Neon Sign -- http://id.worldcat.org/fast/1035830, Neon Lighting -- http://id.worldcat.org/fast/1035826, Neon Sculpture -- http://id.worldcat.org/fast/1035829, Motels -- http://id.worldcat.org/fast/1026838"||https://creativecommons.org/licenses/by/4.0/|image/jpeg|image|"Digitized materials: physical originals are not held by UNLV Special Collections and Archives"|"Northern Nevada Neon"|"(TBD by UNLV)"|"(TBD by UNLV)"|"University of Nevada, Las Vegas University Libraries"||Exterior|||2016~/2020~
|NNN000707-001|||||||||||||||||||||||||||
|NNN000707-002|||||||||||||||||||||||||||
|NNN000707-003|||||||||||||||||||||||||||
"7/15/2021 18:50"|NNN000708|"DSC_0940.Trip2.JPG; DSC_0941.Trip2.JPG; DSC_0942.Trip2.JPG; DSC_0127.Trip3.JPG; DSC_0128.Trip3.JPG"|"Mid-Town Motel mounted sign, Elko, Nevada"|"<p>View of the Mid-Town Motel sign at night and during the day.</p>"|"Durham, Will"|XXXX||"294 Idaho St, Elko, NV 89801"|"40.8305834, -115.7647541"|||"lit, unlit"|"day, night"|"Neon Sign -- http://id.worldcat.org/fast/1035830, Neon Lighting -- http://id.worldcat.org/fast/1035826, Neon Sculpture -- http://id.worldcat.org/fast/1035829, Motels -- http://id.worldcat.org/fast/1026838"||https://creativecommons.org/licenses/by/4.0/|image/jpeg|image|"Digitized materials: physical originals are not held by UNLV Special Collections and Archives"|"Northern Nevada Neon"|"(TBD by UNLV)"|"(TBD by UNLV)"|"University of Nevada, Las Vegas University Libraries"||Exterior|||2016~/2020~
|NNN000708-001|||||||||||||||||||||||||||
|NNN000708-002|||||||||||||||||||||||||||
|NNN000708-003|||||||||||||||||||||||||||
|NNN000708-004|||||||||||||||||||||||||||
|NNN000708-005|||||||||||||||||||||||||||
"7/15/2021 19:12"|NNN000709|"DSC_0277.Trip2.JPG; DSC_0278.Trip2.JPG; DSC_0280.Trip2.JPG; DSC_0281.Trip2.JPG; DSC_0282.Trip2.JPG"|"Moonlite BunnyRanch wall mounted and electric signs, Carson City, Nevada"|"<p>Views of the wall mounted neon sign for the Moonlite BunnyRanch at dusk with lit neon, including views of the electrical signs advertising the bar and restaurant.</p>"|"Durham, Will"|1955||"69 Moonlight Rd, Carson City, NV 89706"|"39.2187421, -119.6708399"|||lit|dusk|"Neon Sign -- http://id.worldcat.org/fast/1035830, Neon Lighting -- http://id.worldcat.org/fast/1035826, Neon Sculpture -- http://id.worldcat.org/fast/1035829, Brothels -- http://id.worldcat.org/fast/1765181, Bars (Drinking establishments) -- http://id.worldcat.org/fast/827779, Restaurant -- http://id.worldcat.org/fast/1095907"||https://creativecommons.org/licenses/by/4.0/|image/jpeg|image|"Digitized materials: physical originals are not held by UNLV Special Collections and Archives"|"Northern Nevada Neon"|"(TBD by UNLV)"|"(TBD by UNLV)"|"University of Nevada, Las Vegas University Libraries"||Exterior|||2016~/2020~
|NNN000709-001|||||||||||||||||||||||||||
|NNN000709-002|||||||||||||||||||||||||||
|NNN000709-003|||||||||||||||||||||||||||
|NNN000709-004|||||||||||||||||||||||||||
|NNN000709-005|||||||||||||||||||||||||||
"7/15/2021 19:26"|NNN000710|"DSC_0173.Trip2.JPG; DSC_0174.Trip2.JPG; DSC_0177.Trip2.JPG"|"National Bowling Stadium wall mounted signs, Reno, Nevada"|"<p>View of the National Bowling Stadium wall mounted signs during the day with unlit neon.</p>"|"Durham, Will"|1995||"300 N Center St, Reno, NV 89501"|"39.5297036, -119.8122857"|||unlit|day|"Neon Sign -- http://id.worldcat.org/fast/1035830, Neon Lighting -- http://id.worldcat.org/fast/1035826, Neon Sculpture -- http://id.worldcat.org/fast/1035829"||https://creativecommons.org/licenses/by/4.0/|image/jpeg|image|"Digitized materials: physical originals are not held by UNLV Special Collections and Archives"|"Northern Nevada Neon"|"(TBD by UNLV)"|"(TBD by UNLV)"|"University of Nevada, Las Vegas University Libraries"||Exterior|||2016~/2020~
|NNN000710-001|||||||||||||||||||||||||||
|NNN000710-002|||||||||||||||||||||||||||
|NNN000710-003|||||||||||||||||||||||||||
"7/15/2021 19:59"|NNN000711|"DSC_0230.Trip2.JPG; DSC_0231.Trip2.JPG"|"Old Globe Saloon flag mounted wall sign, Carson City, Nevada"|"<p>View of the Old Globe Saloon during the day with lit neon. The saloon was originally built in 1875.</p>"|"Durham, Will"|XXXX||"407 N Curry St, Carson City, NV 89703"|"39.1661768, -119.7676096"|||lit|day|"Neon Sign -- http://id.worldcat.org/fast/1035830, Neon Lighting -- http://id.worldcat.org/fast/1035826, Neon Sculpture -- http://id.worldcat.org/fast/1035829, Bars (Drinking establishments) -- http://id.worldcat.org/fast/827779"||https://creativecommons.org/licenses/by/4.0/|image/jpeg|image|"Digitized materials: physical originals are not held by UNLV Special Collections and Archives"|"Northern Nevada Neon"|"(TBD by UNLV)"|"(TBD by UNLV)"|"University of Nevada, Las Vegas University Libraries"||Exterior|||2016~/2020~
|NNN000711-001|||||||||||||||||||||||||||
|NNN000711-002|||||||||||||||||||||||||||
"7/15/2021 20:19"|NNN000712|"DSC_0065.Trip2.JPG; DSC_0066.Trip2.JPG; DSC_0519.Trip2.JPG; DSC_0520.Trip2.JPG"|"Olympic Hotel flag mounted roof sign, Reno, Nevada"|"<p>View of the roof mounted sign for the Olympic Hotel during the day with unlit neon.</p>"|"Durham, Will"|XXXX||||||unlit|day|"Neon Sign -- http://id.worldcat.org/fast/1035830, Neon Lighting -- http://id.worldcat.org/fast/1035826, Neon Sculpture -- http://id.worldcat.org/fast/1035829, Hotels -- http://id.worldcat.org/fast/961767"||https://creativecommons.org/licenses/by/4.0/|image/jpeg|image|"Digitized materials: physical originals are not held by UNLV Special Collections and Archives"|"Northern Nevada Neon"|"(TBD by UNLV)"|"(TBD by UNLV)"|"University of Nevada, Las Vegas University Libraries"||Exterior|||2016~/2020~
|NNN000712-001|||||||||||||||||||||||||||
|NNN000712-002|||||||||||||||||||||||||||
|NNN000712-003|||||||||||||||||||||||||||
|NNN000712-004|||||||||||||||||||||||||||
"7/15/2021 20:39"|NNN000713|"DSC_0777.Trip2.JPG; DSC_0792.Trip2.JPG; DSC_0794.Trip2.JPG"|"Owl Club Casino & Restaurant flag mounted wall sign, Battle Mountain, Nevada"|"<p>View of the flag mounted wall sign for the Owl Club Casino & Restaurant during the day with unlit neon.</p>"|"Durham, Will"|XXXX||"72 E Front St, Battle Mountain, NV 89820"|"40.6414153, -116.9342091"|||unlit|day|"Neon Sign -- http://id.worldcat.org/fast/1035830, Neon Lighting -- http://id.worldcat.org/fast/1035826, Neon Sculpture -- http://id.worldcat.org/fast/1035829, Casinos -- http://id.worldcat.org/fast/848246, Restaurant -- http://id.worldcat.org/fast/1095907"||https://creativecommons.org/licenses/by/4.0/|image/jpeg|image|"Digitized materials: physical originals are not held by UNLV Special Collections and Archives"|"Northern Nevada Neon"|"(TBD by UNLV)"|"(TBD by UNLV)"|"University of Nevada, Las Vegas University Libraries"||Exterior|||2016~/2020~
|NNN000713-001|||||||||||||||||||||||||||
|NNN000713-002|||||||||||||||||||||||||||
|NNN000713-003|||||||||||||||||||||||||||
"7/15/2021 20:48"|NNN000714|"DSC_0779.Trip2.JPG; DSC_0781.Trip2.JPG; DSC_0786.Trip2.JPG; DSC_0787.Trip2.JPG"|"Owl Club Casino & Restaurant wall mounted signs, Battle Mountain, Nevada"|"<p>View of the wall mounted signs for the Owl Club Casino & Restaurant during the day with unlit neon.</p>"|"Durham, Will"|XXXX||"72 E Front St, Battle Mountain, NV 89820"|"40.6414153, -116.9342091"|||unlit|day|"Neon Sign -- http://id.worldcat.org/fast/1035830, Neon Lighting -- http://id.worldcat.org/fast/1035826, Neon Sculpture -- http://id.worldcat.org/fast/1035829, Casinos -- http://id.worldcat.org/fast/848246, Restaurant -- http://id.worldcat.org/fast/1095907"||https://creativecommons.org/licenses/by/4.0/|image/jpeg|image|"Digitized materials: physical originals are not held by UNLV Special Collections and Archives"|"Northern Nevada Neon"|"(TBD by UNLV)"|"(TBD by UNLV)"|"University of Nevada, Las Vegas University Libraries"||Exterior|||2016~/2020~
|NNN000714-001|||||||||||||||||||||||||||
|NNN000714-002|||||||||||||||||||||||||||
|NNN000714-003|||||||||||||||||||||||||||
|NNN000714-004|||||||||||||||||||||||||||
"7/15/2021 21:02"|NNN000715|"DSC_0769.Trip2.JPG; DSC_0771.Trip2.JPG"|"Owl Motel flag mounted sign, Battle Mountain, Nevada"|"<p>View of the flag mounted sign for the Owl Motel, a part of the Owl Club Casino & Restaurant, during the day with unlit neon.</p>"|"Durham, Will"|XXXX||"72 E Front St, Battle Mountain, NV 89820"|"40.6414153, -116.9342091"|||unlit|day|"Neon Sign -- http://id.worldcat.org/fast/1035830, Neon Lighting -- http://id.worldcat.org/fast/1035826, Neon Sculpture -- http://id.worldcat.org/fast/1035829, Motels -- http://id.worldcat.org/fast/1026838"||https://creativecommons.org/licenses/by/4.0/|image/jpeg|image|"Digitized materials: physical originals are not held by UNLV Special Collections and Archives"|"Northern Nevada Neon"|"(TBD by UNLV)"|"(TBD by UNLV)"|"University of Nevada, Las Vegas University Libraries"||Exterior|||2016~/2020~
|NNN000715-001|||||||||||||||||||||||||||
|NNN000715-002|||||||||||||||||||||||||||
"7/15/2021 21:05"|NNN000716|"DSC_0773.Trip2.JPG; DSC_0774.trip2.JPG; DSC_0775.Trip2.JPG; DSC_0776.Trip2.JPG"|"Owl Motel roof and wall mounted signs, Battle Mountain, Nevada"|"<p>View of the roof and wall mounted signs for the Owl Motel, a part of the Owl Club Casino & Restaurant, during the day with unlit neon.</p>"|"Durham, Will"|XXXX||"72 E Front St, Battle Mountain, NV 89820"|"40.6414153, -116.9342091"|||unlit|day|"Neon Sign -- http://id.worldcat.org/fast/1035830, Neon Lighting -- http://id.worldcat.org/fast/1035826, Neon Sculpture -- http://id.worldcat.org/fast/1035829, Motels -- http://id.worldcat.org/fast/1026838"||https://creativecommons.org/licenses/by/4.0/|image/jpeg|image|"Digitized materials: physical originals are not held by UNLV Special Collections and Archives"|"Northern Nevada Neon"|"(TBD by UNLV)"|"(TBD by UNLV)"|"University of Nevada, Las Vegas University Libraries"||Exterior|||2016~/2020~
|NNN000716-001|||||||||||||||||||||||||||
|NNN000716-002|||||||||||||||||||||||||||
|NNN000716-003|||||||||||||||||||||||||||
|NNN000716-004|||||||||||||||||||||||||||
"7/16/2021 18:26"|NNN000717|"DSC_0698.Trip2.JPG; DSC_0699.Trip2.JPG; DSC_0700.Trip2.JPG; DSC_0702.Trip2.JPG"|"Park Motel roof mounted sign, Winnemucca, Nevada"|"<p>View of the roof mounted signs for the Park Motel during the day with unlit neon.</p>"|"Durham, Will"|XXXX||"740 W Winnemucca Blvd, Winnemucca, NV 89445"|"40.9682615, -117.7426289"|||unlit|day|"Neon Sign -- http://id.worldcat.org/fast/1035830, Neon Lighting -- http://id.worldcat.org/fast/1035826, Neon Sculpture -- http://id.worldcat.org/fast/1035829, Motels -- http://id.worldcat.org/fast/1026838"||https://creativecommons.org/licenses/by/4.0/|image/jpeg|image|"Digitized materials: physical originals are not held by UNLV Special Collections and Archives"|"Northern Nevada Neon"|"(TBD by UNLV)"|"(TBD by UNLV)"|"University of Nevada, Las Vegas University Libraries"||Exterior|||2016~/2020~
|NNN000717-001|||||||||||||||||||||||||||
|NNN000717-002|||||||||||||||||||||||||||
|NNN000717-003|||||||||||||||||||||||||||
|NNN000717-004|||||||||||||||||||||||||||
"7/16/2021 18:34"|NNN000718|"DSC_0568.Trip2.JPG; DSC_0574.Trip2.JPG; DSC_0580.Trip2.JPG; DSC_0581.Trip2.JPG; DSC_0582.Trip2.JPG; DSC_0713.Trip2.JPG; DSC_0715.Trip2.JPG; DSC_0716.Trip2.JPG"|"Parker's Model T Casino wall mounted signs, Winnemucca, Nevada"|"<p>Views of the wall mounted signs surrounding Parker's Model T Casino during the day and at night.</p>"|"Durham, Will"|XXXX||"1130 Winnemucca Blvd, Winnemucca, NV 89445"|"40.965699, -117.743836"|||"lit, unlit"|"day, night"|"Neon Sign -- http://id.worldcat.org/fast/1035830, Neon Lighting -- http://id.worldcat.org/fast/1035826, Neon Sculpture -- http://id.worldcat.org/fast/1035829, Casinos -- http://id.worldcat.org/fast/848246, Hotels -- http://id.worldcat.org/fast/961767, Restaurant -- http://id.worldcat.org/fast/1095907"||https://creativecommons.org/licenses/by/4.0/|image/jpeg|image|"Digitized materials: physical originals are not held by UNLV Special Collections and Archives"|"Northern Nevada Neon"|"(TBD by UNLV)"|"(TBD by UNLV)"|"University of Nevada, Las Vegas University Libraries"||Exterior|||2016~/2020~
|NNN000718-001|||||||||||||||||||||||||||
|NNN000718-002|||||||||||||||||||||||||||
|NNN000718-003|||||||||||||||||||||||||||
|NNN000718-004|||||||||||||||||||||||||||
|NNN000718-005|||||||||||||||||||||||||||
|NNN000718-006|||||||||||||||||||||||||||
|NNN000718-007|||||||||||||||||||||||||||
|NNN000718-008|||||||||||||||||||||||||||
"7/16/2021 18:38"|NNN000719|DSC_0722.Trip2.JPG|"Pete's Gambling Hall wall mounted signs, Winnemucca, Nevada"|"<p>View of the wall mounted signs for Pete's Gambling Hall during the day with unlit neon.</p>"|"Durham, Will"|XXXX||"1985 W Winnemucca Blvd, Winnemucca, NV 89445"|"40.9582889, -117.747457"|||unlit|day|"Neon Sign -- http://id.worldcat.org/fast/1035830, Neon Lighting -- http://id.worldcat.org/fast/1035826, Neon Sculpture -- http://id.worldcat.org/fast/1035829, Casinos -- http://id.worldcat.org/fast/848246"||https://creativecommons.org/licenses/by/4.0/|image/jpeg|image|"Digitized materials: physical originals are not held by UNLV Special Collections and Archives"|"Northern Nevada Neon"|"(TBD by UNLV)"|"(TBD by UNLV)"|"University of Nevada, Las Vegas University Libraries"||Exterior|||2020
"7/16/2021 18:43"|NNN000720|DSC_0991.Trip2.JPG|"Plaza Forty double mounted sign, Elko, Nevada"|"<p>View of the Plaza Forty sign in Elko during the day with unlit neon.</p>"|"Durham, Will"|XXXX||"1910 Idaho St # 103, Elko, NV 89801"|"40.8446756, -115.7486252"|||unlit|day|"Neon Sign -- http://id.worldcat.org/fast/1035830, Neon Lighting -- http://id.worldcat.org/fast/1035826, Neon Sculpture -- http://id.worldcat.org/fast/1035829"||https://creativecommons.org/licenses/by/4.0/|image/jpeg|image|"Digitized materials: physical originals are not held by UNLV Special Collections and Archives"|"Northern Nevada Neon"|"(TBD by UNLV)"|"(TBD by UNLV)"|"University of Nevada, Las Vegas University Libraries"||Exterior||"no exact address, Gary owns the comic book shop and he's cool tho so here's his address: 1910 Idaho St # 103, Elko, NV 89801"|2018~/2020~
||"^^ record exists already ):"||||||||||||||||||||||||||
"7/16/2021 19:20"|NNN000721|"DSC_0349.Trip2.JPG; DSC_0350.Trip2.JPG; DSC_0351.Trip2.JPG"|"Pony Express Lodge double mounted sign, Sparks, Nevada"|"<p>View of the double mounted sign for the Pony Express Lodge during the day while unlit, including a view of the power box.</p>"|"Durham, Will"|XXXX||"2406 Prater Way, Sparks, NV 89431"|"39.5367197, -119.7754237"|||unlit|day|"Neon Sign -- http://id.worldcat.org/fast/1035830, Neon Lighting -- http://id.worldcat.org/fast/1035826, Neon Sculpture -- http://id.worldcat.org/fast/1035829, Motels -- http://id.worldcat.org/fast/1026838"||https://creativecommons.org/licenses/by/4.0/|image/jpeg|image|"Digitized materials: physical originals are not held by UNLV Special Collections and Archives"|"Northern Nevada Neon"|"(TBD by UNLV)"|"(TBD by UNLV)"|"University of Nevada, Las Vegas University Libraries"||Exterior|||2016~/2020~
|NNN000721-001|||||||||||||||||||||||||||
|NNN000721-002|||||||||||||||||||||||||||
|NNN000721-003|||||||||||||||||||||||||||
"7/16/2021 19:25"|NNN000722|"DSC_0749.Trip2.JPG; DSC_0750.Trip2.JPG"|"Pussycat Saloon mounted sign, Winnemucca, Nevada"|"<p>View of a mounted sign for the Pussycat Saloon during the day with unlit neon.</p>"|"Durham, Will"|XXXX||"139 Baud St, Winnemucca, NV 89445"|"40.9760443, -117.7347587"|||unlit|day|"Neon Sign -- http://id.worldcat.org/fast/1035830, Neon Lighting -- http://id.worldcat.org/fast/1035826, Neon Sculpture -- http://id.worldcat.org/fast/1035829, Brothels -- http://id.worldcat.org/fast/1765181"||https://creativecommons.org/licenses/by/4.0/|image/jpeg|image|"Digitized materials: physical originals are not held by UNLV Special Collections and Archives"|"Northern Nevada Neon"|"(TBD by UNLV)"|"(TBD by UNLV)"|"University of Nevada, Las Vegas University Libraries"||Exterior|||2016~/2020~
|NNN000722-001|||||||||||||||||||||||||||
|NNN000722-002|||||||||||||||||||||||||||
"7/16/2021 19:43"|NNN000723|"DSC_0361.Trip2.JPG; DSC_0362.Trip2.JPG"|"Rail City Casino double mounted sign, Sparks, Nevada"|"<p>View of the double mounted sign for Rail City Casino in Sparks during the day with unlit neon.</p>"|"Durham, Will"|XXXX||"2121 Victorian Ave, Sparks, NV 89431"|"39.534924, -119.7725573"|||lit|day|"Neon Sign -- http://id.worldcat.org/fast/1035830, Neon Lighting -- http://id.worldcat.org/fast/1035826, Neon Sculpture -- http://id.worldcat.org/fast/1035829, Casinos -- http://id.worldcat.org/fast/848246"||https://creativecommons.org/licenses/by/4.0/|image/jpeg|image|"Digitized materials: physical originals are not held by UNLV Special Collections and Archives"|"Northern Nevada Neon"|"(TBD by UNLV)"|"(TBD by UNLV)"|"University of Nevada, Las Vegas University Libraries"||Exterior|||2020
|NNN000723-001|||||||||||||||||||||||||||
|NNN000723-002|||||||||||||||||||||||||||
"7/16/2021 20:11"|NNN000724|"DSC_0363.Trip2.JPG; DSC_0364.Trip2.JPG; DSC_0367.Trip2.JPG"|"Rail City Casino wall mounted sign, Sparks, Nevada"|"<p>View of a wall mounted sign for the Rail City Casino during the day with unlit neon.</p>"|"Durham, Will"|XXXX||"2121 Victorian Ave, Sparks, NV 89431"|"39.534924, -119.7725573"|||unlit|day|"Neon Sign -- http://id.worldcat.org/fast/1035830, Neon Lighting -- http://id.worldcat.org/fast/1035826, Neon Sculpture -- http://id.worldcat.org/fast/1035829, Casinos -- http://id.worldcat.org/fast/848246"||https://creativecommons.org/licenses/by/4.0/|image/jpeg|image|"Digitized materials: physical originals are not held by UNLV Special Collections and Archives"|"Northern Nevada Neon"|"(TBD by UNLV)"|"(TBD by UNLV)"|"University of Nevada, Las Vegas University Libraries"||Exterior|||2020
|NNN000724-001|||||||||||||||||||||||||||
|NNN000724-002|||||||||||||||||||||||||||
|NNN000724-003|||||||||||||||||||||||||||
"7/16/2021 20:26"|NNN000725|"DSC_0365.Trip2.JPG; DSC_0366.Trip2.JPG"|"Rail City Casino wall mounted sign, Sparks, Nevada"|"<p>View of a wall mounted sign for Rail City Casino during the day with unlit neon.</p>"|"Durham, Will"|XXXX||"2121 Victorian Ave, Sparks, NV 89431"|"39.534924, -119.7725573"|||unlit|day|"Neon Sign -- http://id.worldcat.org/fast/1035830, Neon Lighting -- http://id.worldcat.org/fast/1035826, Neon Sculpture -- http://id.worldcat.org/fast/1035829, Casinos -- http://id.worldcat.org/fast/848246"||https://creativecommons.org/licenses/by/4.0/|image/jpeg|image|"Digitized materials: physical originals are not held by UNLV Special Collections and Archives"|"Northern Nevada Neon"|"(TBD by UNLV)"|"(TBD by UNLV)"|"University of Nevada, Las Vegas University Libraries"||Exterior|||2020
|NNN000725-001|||||||||||||||||||||||||||
|NNN000725-002|||||||||||||||||||||||||||
"7/16/2021 20:31"|NNN000726|"DSC_0368.Trip2.JPG; DSC_0369.Trip2.JPG"|"Rail City Casino mounted sign, Sparks, Nevada"|"<p>View of the mounted sign directing people to the parking area for the Rail City Casino during the day with unlit neon.</p>"|"Durham, Will"|XXXX||"2121 Victorian Ave, Sparks, NV 89431"|"39.534924, -119.7725573"|||unlit|day|"Neon Sign -- http://id.worldcat.org/fast/1035830, Neon Lighting -- http://id.worldcat.org/fast/1035826, Neon Sculpture -- http://id.worldcat.org/fast/1035829, Casinos -- http://id.worldcat.org/fast/848246"||https://creativecommons.org/licenses/by/4.0/|image/jpeg|image|"Digitized materials: physical originals are not held by UNLV Special Collections and Archives"|"Northern Nevada Neon"|"(TBD by UNLV)"|"(TBD by UNLV)"|"University of Nevada, Las Vegas University Libraries"||Exterior|||2020
|NNN000726-001|||||||||||||||||||||||||||
|NNN000726-002|||||||||||||||||||||||||||
"7/16/2021 20:35"|NNN000727|"DSC_0527.Trip2.JPG; DSC_0420.Trip2.JPG; DSC_0421.Trip2.JPG"|"Sands Regency roof mounted sign, Reno, Nevada"|"<p>The roof mounted sign for the Sands Regency during the day with unlit neon.</p>"|"Durham, Will"|XXXX||"345 N Arlington Ave, Reno, NV 89501"|"39.5279474, -119.8189807"|||unlit|day|"Neon Sign -- http://id.worldcat.org/fast/1035830, Neon Lighting -- http://id.worldcat.org/fast/1035826, Neon Sculpture -- http://id.worldcat.org/fast/1035829, Casinos -- http://id.worldcat.org/fast/848246, Hotels -- http://id.worldcat.org/fast/961767"||https://creativecommons.org/licenses/by/4.0/|image/jpeg|image|"Digitized materials: physical originals are not held by UNLV Special Collections and Archives"|"Northern Nevada Neon"|"(TBD by UNLV)"|"(TBD by UNLV)"|"University of Nevada, Las Vegas University Libraries"||Exterior|||2016~/2020~
|NNN000727-001|||||||||||||||||||||||||||
|NNN000727-002|||||||||||||||||||||||||||
|NNN000727-003|||||||||||||||||||||||||||
"7/16/2021 20:41"|NNN000728|"DSC_0272.Trip2.JPG; DSC_0273.Trip2.JPG; DSC_0274.Trip2.JPG"|"Red Light Cabaret roof and flag mounted signs, Carson City, Nevada"|"<p>View of the roof and flag mounted signs for the Red Light Cabaret during the day with unlit neon.</p>"|"Durham, Will"|XXXX||"45 Kit Kat Dr, Mound House, NV 89706"|"39.2095361, -119.6639274"|||unlit|day|"Neon Sign -- http://id.worldcat.org/fast/1035830, Neon Lighting -- http://id.worldcat.org/fast/1035826, Neon Sculpture -- http://id.worldcat.org/fast/1035829"||https://creativecommons.org/licenses/by/4.0/|image/jpeg|image|"Digitized materials: physical originals are not held by UNLV Special Collections and Archives"|"Northern Nevada Neon"|"(TBD by UNLV)"|"(TBD by UNLV)"|"University of Nevada, Las Vegas University Libraries"||Exterior|||2016~/2020~
|NNN000728-001|||||||||||||||||||||||||||
|NNN000728-002|||||||||||||||||||||||||||
|NNN000728-003|||||||||||||||||||||||||||
"7/16/2021 20:52"|NNN000729|"DSC_0979.Trip2.JPG; DSC_0980.Trip2.JPG; DSC_0981.Trip2.JPG"|"Red Lion Casino wall mounted signs, Elko, Nevada"|"<p>View of the wall mounted signs above the portico for the Red Lion in Elko.</p>"|"Durham, Will"|XXXX||"2065 Idaho St, Elko, NV 89801"|"40.8501932, -115.7469796"|||unlit|day|"Neon Sign -- http://id.worldcat.org/fast/1035830, Neon Lighting -- http://id.worldcat.org/fast/1035826, Neon Sculpture -- http://id.worldcat.org/fast/1035829, Casinos -- http://id.worldcat.org/fast/848246, Hotels -- http://id.worldcat.org/fast/961767"||https://creativecommons.org/licenses/by/4.0/|image/jpeg|image|"Digitized materials: physical originals are not held by UNLV Special Collections and Archives"|"Northern Nevada Neon"|"(TBD by UNLV)"|"(TBD by UNLV)"|"University of Nevada, Las Vegas University Libraries"||Exterior|||2016~/2020~
|NNN000729-001|||||||||||||||||||||||||||
|NNN000729-002|||||||||||||||||||||||||||
|NNN000729-003|||||||||||||||||||||||||||
"7/16/2021 20:59"|NNN000730|"DSC_0733.Trip2.JPG; DSC_0734.Trip2.JPG"|"Regency Inn flag mounted sign, Winnemucca, Nevada"|"<p>The flag mounted sign for the Regency Inn during the day with unlit neon.</p>"|"Durham, Will"|XXXX||"705 NV-289, Winnemucca, NV 89445"|"40.9682056, -117.7412315"|||unlit|day|"Neon Sign -- http://id.worldcat.org/fast/1035830, Neon Lighting -- http://id.worldcat.org/fast/1035826, Neon Sculpture -- http://id.worldcat.org/fast/1035829, Motels -- http://id.worldcat.org/fast/1026838"||https://creativecommons.org/licenses/by/4.0/|image/jpeg|image|"Digitized materials: physical originals are not held by UNLV Special Collections and Archives"|"Northern Nevada Neon"|"(TBD by UNLV)"|"(TBD by UNLV)"|"University of Nevada, Las Vegas University Libraries"||Exterior|||2016~/2020~
|NNN000730-001|||||||||||||||||||||||||||
|NNN000730-002|||||||||||||||||||||||||||
"7/16/2021 21:04"|NNN000731|"DSC_0478.Trip2.JPG; DSC_0479.Trip2.JPG; DSC_0480.Trip2.JPG"|"Reno 8 Motel flag mounted sign, Reno, Nevada"|"<p>The glad mounted sign for the Reno 8 Motel during the day with unlit neon.</p>"|"Durham, Will"|XXXX||"113 E 4th St, Reno, NV 89512"|"39.5301858, -119.8127576"|||unlit|day|"Neon Sign -- http://id.worldcat.org/fast/1035830, Neon Lighting -- http://id.worldcat.org/fast/1035826, Neon Sculpture -- http://id.worldcat.org/fast/1035829, Motels -- http://id.worldcat.org/fast/1026838"||https://creativecommons.org/licenses/by/4.0/|image/jpeg|image|"Digitized materials: physical originals are not held by UNLV Special Collections and Archives"|"Northern Nevada Neon"|"(TBD by UNLV)"|"(TBD by UNLV)"|"University of Nevada, Las Vegas University Libraries"||Exterior|||2016~/2020~
|NNN000731-001|||||||||||||||||||||||||||
|NNN000731-002|||||||||||||||||||||||||||
|NNN000731-003|||||||||||||||||||||||||||
"7/16/2021 21:28"|NNN000732|"DSC_0077.Trip2.JPG; DSC_0078.Trip2.JPG; DSC_0079.Trip2.JPG; DSC_0080.Trip2.JPG; DSC_0081.Trip2.JPG"|"Reno Royal Motor Lodge flag mounted sign, Reno, Nevada"|"<p>The flag mounted sign for the Reno Royal Motor Lodge during the day with unlit neon, including views of the office sign.</p>"|"Durham, Will"|XXXX||"350 West St, Reno, NV 89501"|"39.5288201, -119.8162623"|||unlit|day|"Neon Sign -- http://id.worldcat.org/fast/1035830, Neon Lighting -- http://id.worldcat.org/fast/1035826, Neon Sculpture -- http://id.worldcat.org/fast/1035829, Motels -- http://id.worldcat.org/fast/1026838"||https://creativecommons.org/licenses/by/4.0/|image/jpeg|image|"Digitized materials: physical originals are not held by UNLV Special Collections and Archives"|"Northern Nevada Neon"|"(TBD by UNLV)"|"(TBD by UNLV)"|"University of Nevada, Las Vegas University Libraries"||Exterior|||2016~/2020~
|NNN000732-001|||||||||||||||||||||||||||
|NNN000732-002|||||||||||||||||||||||||||
|NNN000732-003|||||||||||||||||||||||||||
|NNN000732-004|||||||||||||||||||||||||||
|NNN000732-005|||||||||||||||||||||||||||
"7/16/2021 21:33"|NNN000733|"DSC_0343.Trip2.JPG; DSC_0344.Trip2.JPG"|"Restwell Court mounted sign, Reno, Nevada"|"<p>View of the defunct sign for the Restwell Court in Reno with the neon removed.</p>"|"Durham, Will"|XXXX||||||unlit|day|"Neon Sign -- http://id.worldcat.org/fast/1035830, Neon Lighting -- http://id.worldcat.org/fast/1035826, Neon Sculpture -- http://id.worldcat.org/fast/1035829, Motels -- http://id.worldcat.org/fast/1026838"||https://creativecommons.org/licenses/by/4.0/|image/jpeg|image|"Digitized materials: physical originals are not held by UNLV Special Collections and Archives"|"Northern Nevada Neon"|"(TBD by UNLV)"|"(TBD by UNLV)"|"University of Nevada, Las Vegas University Libraries"||Exterior|||2016~/2020~
|NNN000733-001|||||||||||||||||||||||||||
|NNN000733-002|||||||||||||||||||||||||||
"7/16/2021 21:57"|NNN000734|"DSC_0560.Trip2.JPG; DSC_0564.Trip2.JPG; DSC_0727.Trip2.JPG"|"Ridley's Family Markets wall mounted sign, Winnemucca, Nevada"|"Views of a wall mounted sign for Ridley's Family Markets during the day with unlit neon and at night with lit neon."|"Durham, Will"|XXXX||"1125 W Winnemucca Blvd, Winnemucca, NV 89445"|"40.9645589, -117.7419188"|||"lit, unlit"|"day, night"|"Neon Sign -- http://id.worldcat.org/fast/1035830, Neon Lighting -- http://id.worldcat.org/fast/1035826, Neon Sculpture -- http://id.worldcat.org/fast/1035829"||https://creativecommons.org/licenses/by/4.0/|image/jpeg|image|"Digitized materials: physical originals are not held by UNLV Special Collections and Archives"|"Northern Nevada Neon"|"(TBD by UNLV)"|"(TBD by UNLV)"|"University of Nevada, Las Vegas University Libraries"||Exterior|||2016~/2020~
"7/17/2021 18:05"|NNN000735|"DSC_0117.Trip2.JPG; DSC_0118.Trip2.JPG"|"River West Resort wall mounted signs, Reno, Nevada"|"<p>View of the wall mounted signs for the River West Resort during the day with unlit neon.</p>"|"Durham, Will"|XXXX||"1300 W 2nd St, Reno, NV 89503"|"39.5234323, -119.8306864"|||unlit|day|"Neon Sign -- http://id.worldcat.org/fast/1035830, Neon Lighting -- http://id.worldcat.org/fast/1035826, Neon Sculpture -- http://id.worldcat.org/fast/1035829"||https://creativecommons.org/licenses/by/4.0/|image/jpeg|image|"Digitized materials: physical originals are not held by UNLV Special Collections and Archives"|"Northern Nevada Neon"|"(TBD by UNLV)"|"(TBD by UNLV)"|"University of Nevada, Las Vegas University Libraries"||Exterior|||2016~/2020~
|NNN000735-001|||||||||||||||||||||||||||
|NNN000735-002|||||||||||||||||||||||||||
"7/17/2021 18:23"|NNN000736|"DSC_0382.Trip2.JPG; DSC_0383.Trip2.JPG"|"Russ's Auto & RV Sales flag mounted sign, Reno, Nevada"|"<p>View of the flag mounted sign for Russ's Auto & RV sales during the day.</p>"|"Durham, Will"|XXXX||"2048 Victorian Ave, Sparks, NV 89431"|"39.5356647, -119.7710547"|||unlit|day|"Neon Sign -- http://id.worldcat.org/fast/1035830, Neon Lighting -- http://id.worldcat.org/fast/1035826, Neon Sculpture -- http://id.worldcat.org/fast/1035829"||https://creativecommons.org/licenses/by/4.0/|image/jpeg|image|"Digitized materials: physical originals are not held by UNLV Special Collections and Archives"|"Northern Nevada Neon"|"(TBD by UNLV)"|"(TBD by UNLV)"|"University of Nevada, Las Vegas University Libraries"||Exterior|||2016~/2020~
|NNN000736-001|||||||||||||||||||||||||||
|NNN000736-002|||||||||||||||||||||||||||
"7/17/2021 18:34"|NNN000737|"DSC_0464.Trip2.JPG; DSC_0465.Trip2.JPG"|"Safari Nails wall mounted sign, Sparks, Nevada"|"<p>View of the wall mounted sign for Safari Nails at night with lit neon.</p>"|"Durham, Will"|XXXX||||||lit|night|"Neon Sign -- http://id.worldcat.org/fast/1035830, Neon Lighting -- http://id.worldcat.org/fast/1035826, Neon Sculpture -- http://id.worldcat.org/fast/1035829, Salon -- http://id.worldcat.org/fast/1104198"||https://creativecommons.org/licenses/by/4.0/|image/jpeg|image|"Digitized materials: physical originals are not held by UNLV Special Collections and Archives"|"Northern Nevada Neon"|"(TBD by UNLV)"|"(TBD by UNLV)"|"University of Nevada, Las Vegas University Libraries"||Exterior|||2016~/2020~
|NNN000737-001|||||||||||||||||||||||||||
|NNN000737-002|||||||||||||||||||||||||||
"7/17/2021 18:43"|NNN000738|"DSC_0258.Trip2.JPG; DSC_0259.Trip2.JPG"|"Sagebrush Ranch mounted sign, Carson City, Nevada"|"<p>The mounted sign for the Sagebrush Ranch during the day with unlit neon.</p>"|"Durham, Will"|1993||"51 Kit Kat Dr, Carson City, NV 89706"|"39.2089076, -119.664277"|||unlit|day|"Neon Sign -- http://id.worldcat.org/fast/1035830, Neon Lighting -- http://id.worldcat.org/fast/1035826, Neon Sculpture -- http://id.worldcat.org/fast/1035829, Brothels -- http://id.worldcat.org/fast/1765181"||https://creativecommons.org/licenses/by/4.0/|image/jpeg|image|"Digitized materials: physical originals are not held by UNLV Special Collections and Archives"|"Northern Nevada Neon"|"(TBD by UNLV)"|"(TBD by UNLV)"|"University of Nevada, Las Vegas University Libraries"||Exterior|||2016~/2020~
|NNN000738-001|||||||||||||||||||||||||||
|NNN000738-002|||||||||||||||||||||||||||
"7/17/2021 18:47"|NNN000739|"DSC_0260.Trip2.JPG; DSC_0261.Trip2.JPG; DSC_0263.Trip2.JPG"|"Sagebrush Ranch roof and wall mounted signs, Carson City, Nevada"|"<p>The roof and wall mounted signs for the Sagebrush Ranch during the day with lit neon.</p>"|"Durham, Will"|1993||"51 Kit Kat Dr, Carson City, NV 89706"|"39.2089076, -119.664277"|||lit|day|"Neon Sign -- http://id.worldcat.org/fast/1035830, Neon Lighting -- http://id.worldcat.org/fast/1035826, Neon Sculpture -- http://id.worldcat.org/fast/1035829, Brothels -- http://id.worldcat.org/fast/1765181"||https://creativecommons.org/licenses/by/4.0/|image/jpeg|image|"Digitized materials: physical originals are not held by UNLV Special Collections and Archives"|"Northern Nevada Neon"|"(TBD by UNLV)"|"(TBD by UNLV)"|"University of Nevada, Las Vegas University Libraries"||Exterior|||2016~/2020~
|NNN000739-001|||||||||||||||||||||||||||
|NNN000739-002|||||||||||||||||||||||||||
|NNN000739-003|||||||||||||||||||||||||||
"7/17/2021 19:01"|NNN000740|"DSC_0328.Trip2.JPG; DSC_0329.Trip2.JPG; DSC_0330.Trip2.JPG; DSC_0335.Trip2.JPG"|"Sandman Motel mounted sign, Reno, Nevada"|"<p>The mounted sign for the Sandman Motel during the day with unlit neon.</p>"|"Durham, Will"|XXXX||"1755 E 4th St, Reno, NV 89512"|"39.5341169, -119.7913219"|||unlit|day|"Neon Sign -- http://id.worldcat.org/fast/1035830, Neon Lighting -- http://id.worldcat.org/fast/1035826, Neon Sculpture -- http://id.worldcat.org/fast/1035829, Motels -- http://id.worldcat.org/fast/1026838"||https://creativecommons.org/licenses/by/4.0/|image/jpeg|image|"Digitized materials: physical originals are not held by UNLV Special Collections and Archives"|"Northern Nevada Neon"|"(TBD by UNLV)"|"(TBD by UNLV)"|"University of Nevada, Las Vegas University Libraries"||Exterior|||2020
|NNN000740-001|||||||||||||||||||||||||||
|NNN000740-002|||||||||||||||||||||||||||
|NNN000740-003|||||||||||||||||||||||||||
|NNN000740-004|||||||||||||||||||||||||||
"7/17/2021 19:06"|NNN000741|"DSC_0331.Trip2.JPG; DSC_0332.Trip2.JPG; DSC_0333.Trip2.JPG; DSC_0334.Trip2.JPG"|"Sandman Motel wall mounted signs, Reno, Nevada"|"<p>Views of the wall mounted office and vacancy signs for the Sandman Motel during the day.</p>"|"Durham, Will"|XXXX||"1755 E 4th St, Reno, NV 89512"|"39.5341169, -119.7913219"|||"lit, unlit"|day|"Neon Sign -- http://id.worldcat.org/fast/1035830, Neon Lighting -- http://id.worldcat.org/fast/1035826, Neon Sculpture -- http://id.worldcat.org/fast/1035829, Motels -- http://id.worldcat.org/fast/1026838"||https://creativecommons.org/licenses/by/4.0/|image/jpeg|image|"Digitized materials: physical originals are not held by UNLV Special Collections and Archives"|"Northern Nevada Neon"|"(TBD by UNLV)"|"(TBD by UNLV)"|"University of Nevada, Las Vegas University Libraries"||Exterior|||2020
|NNN000741-001|||||||||||||||||||||||||||
|NNN000741-002|||||||||||||||||||||||||||
|NNN000741-003|||||||||||||||||||||||||||
|NNN000741-004|||||||||||||||||||||||||||
"7/17/2021 19:12"|NNN000742|"DSC_0457.Trip2.JPG; DSC_0456.trip2.JPG"|"Sawasdee Thai Restaurant wall mounted sign, Sparks, Nevada"|"<p>View of the wall mounted signs for the Sawasdee Thai Restaurant at night with lit neon.</p>"|"Durham, Will"|XXXX|"Sawasdee Thai"|"2855 N McCarran Blvd, Sparks, NV 89431"|"39.5552506, -119.7535886"|||lit|night|"Neon Sign -- http://id.worldcat.org/fast/1035830, Neon Lighting -- http://id.worldcat.org/fast/1035826, Neon Sculpture -- http://id.worldcat.org/fast/1035829, Restaurant -- http://id.worldcat.org/fast/1095907"||https://creativecommons.org/licenses/by/4.0/|image/jpeg|image|"Digitized materials: physical originals are not held by UNLV Special Collections and Archives"|"Northern Nevada Neon"|"(TBD by UNLV)"|"(TBD by UNLV)"|"University of Nevada, Las Vegas University Libraries"||Exterior|||2016~/2020~
|NNN000742-001|||||||||||||||||||||||||||
|NNN000742-002|||||||||||||||||||||||||||
"7/17/2021 19:42"|NNN000743|"DSC_0593.Trip2.JPG; DSC_0594.Trip2.JPG; DSC_0673.Trip2.JPG; DSC_0425.Trip4.JPG"|"Scott Shady Court Motel mounted sign, Winnemucca, Nevada"|"<p>Views of the Scott Shady Court Motel mounted sign during the day and at night.</p>"|"Durham, Will"|XXXX|"Scott Shady Court"|"400 W 1st St, Winnemucca, NV 89445"|"40.9723662, -117.7411628"|||"lit, unlit"|"day, night"|"Neon Sign -- http://id.worldcat.org/fast/1035830, Neon Lighting -- http://id.worldcat.org/fast/1035826, Neon Sculpture -- http://id.worldcat.org/fast/1035829, Motels -- http://id.worldcat.org/fast/1026838"||https://creativecommons.org/licenses/by/4.0/|image/jpeg|image|"Digitized materials: physical originals are not held by UNLV Special Collections and Archives"|"Northern Nevada Neon"|"(TBD by UNLV)"|"(TBD by UNLV)"|"University of Nevada, Las Vegas University Libraries"||Exterior|||2016~/2020~
|NNN000743-001|||||||||||||||||||||||||||
|NNN000743-002|||||||||||||||||||||||||||
|NNN000743-003|||||||||||||||||||||||||||
|NNN000743-004|||||||||||||||||||||||||||
"7/17/2021 19:53"|NNN000744|"DSC_0595.Trip2.JPG; DSC_0667.Trip2.JPG; DSC_0668.Trip2.JPG; DSC_0669.Trip2.JPG; DSC_0670.Trip2.JPG; DSC_0683.Trip2.JPG; DSC_0426.Trip4.JPG"|"Scott Shady Court Motel double mounted sign, Winnemucca, Nevada"|"<p>View of the double mounted signs for the Scott Shady Court Motel during the day and at night.</p>"|"Durham, Will"|XXXX|"Scott Shady Court Motel"|"400 W 1st St, Winnemucca, NV 89445"|"40.9723662, -117.7411628"|||"lit, unlit"|"day, night"|"Neon Sign -- http://id.worldcat.org/fast/1035830, Neon Lighting -- http://id.worldcat.org/fast/1035826, Neon Sculpture -- http://id.worldcat.org/fast/1035829, Motels -- http://id.worldcat.org/fast/1026838"||https://creativecommons.org/licenses/by/4.0/|image/jpeg|image|"Digitized materials: physical originals are not held by UNLV Special Collections and Archives"|"Northern Nevada Neon"|"(TBD by UNLV)"|"(TBD by UNLV)"|"University of Nevada, Las Vegas University Libraries"||Exterior|||2016~/2020~
|NNN000744-001|||||||||||||||||||||||||||
|NNN000744-002|||||||||||||||||||||||||||
|NNN000744-003|||||||||||||||||||||||||||
|NNN000744-004|||||||||||||||||||||||||||
|NNN000744-005|||||||||||||||||||||||||||
|NNN000744-006|||||||||||||||||||||||||||
|NNN000744-007|||||||||||||||||||||||||||
"7/17/2021 19:55"|NNN000745|"DSC_0675.Trip2.JPG; DSC_0678.Trip2.JPG; DSC_0422.Trip4.JPG"|"Scott Shady Court Motel roof mounted sign, Winnemucca, Nevada"|"<p>View of the Scott Shady Court Motel roof mounted sign during the day.</p>"|"Durham, Will"|XXXX|"Scott Shady Court Motel"|"400 W 1st St, Winnemucca, NV 89445"|"40.9723662, -117.7411628"|||unlit|day|"Neon Sign -- http://id.worldcat.org/fast/1035830, Neon Lighting -- http://id.worldcat.org/fast/1035826, Neon Sculpture -- http://id.worldcat.org/fast/1035829, Motels -- http://id.worldcat.org/fast/1026838"||https://creativecommons.org/licenses/by/4.0/|image/jpeg|image|"Digitized materials: physical originals are not held by UNLV Special Collections and Archives"|"Northern Nevada Neon"|"(TBD by UNLV)"|"(TBD by UNLV)"|"University of Nevada, Las Vegas University Libraries"||Exterior|||2016~/2020~
|NNN000745-001|||||||||||||||||||||||||||
|NNN000745-002|||||||||||||||||||||||||||
|NNN000745-003|||||||||||||||||||||||||||
"7/17/2021 19:59"|NNN000746|"DSC_0680.Trip2.JPG; DSC_0681.Trip2.JPG"|"Scott Shady Court Motel wall mounted office sign, Winnemucca, Nevada"|"<p>View of the office sign for the Scott Shady Court Motel during the day.</p>"|"Durham, Will"|XXXX|"Scott Shady Court Motel"|"400 W 1st St, Winnemucca, NV 89445"|"40.9723662, -117.7411628"|||unlit|day|"Neon Sign -- http://id.worldcat.org/fast/1035830, Neon Lighting -- http://id.worldcat.org/fast/1035826, Neon Sculpture -- http://id.worldcat.org/fast/1035829, Motels -- http://id.worldcat.org/fast/1026838"||https://creativecommons.org/licenses/by/4.0/|image/jpeg|image|"Digitized materials: physical originals are not held by UNLV Special Collections and Archives"|"Northern Nevada Neon"|"(TBD by UNLV)"|"(TBD by UNLV)"|"University of Nevada, Las Vegas University Libraries"||Exterior|||2016~/2020~
|NNN000746-001|||||||||||||||||||||||||||
|NNN000746-002|||||||||||||||||||||||||||
"7/19/2021 11:31"|NNN000747|"DSC_0110.Trip2.JPG; DSC_0111.Trip2.JPG; DSC_0112.Trip2.JPG"|"Shifters Bar flag mounted wall sign, Reno, Nevada"|"<p>The flag mounted wall sign for Shifters during the day with unlit neon. The pub is a part of the Midtown Motel.</p>"|"Durham, Will"|XXXX|Shifters|"601 W 2nd St, Reno, NV 89503"|"39.5254982, -119.8213247"|||unlit|day|"Neon Sign -- http://id.worldcat.org/fast/1035830, Neon Lighting -- http://id.worldcat.org/fast/1035826, Neon Sculpture -- http://id.worldcat.org/fast/1035829, Motels -- http://id.worldcat.org/fast/1026838, Bars (Drinking establishments) -- http://id.worldcat.org/fast/827779"||https://creativecommons.org/licenses/by/4.0/|image/jpeg|image|"Digitized materials: physical originals are not held by UNLV Special Collections and Archives"|"Northern Nevada Neon"|"(TBD by UNLV)"|"(TBD by UNLV)"|"University of Nevada, Las Vegas University Libraries"||Exterior|||2020
|NNN000747-001|||||||||||||||||||||||||||
|NNN000747-002|||||||||||||||||||||||||||
|NNN000747-003|||||||||||||||||||||||||||
"7/19/2021 11:41"|NNN000748|"DSC_0466.Trip2.JPG; DSC_0467.Trip2.JPG"|"Shine Salon wall mounted sign, Sparks, Nevada"|"<p>View of the wall mounted sign for the Shine Salon at night with lit neon.</p>"|"Durham, Will"|2007|"Shine Salon"|"2855 N McCarran Blvd Suite 102, Sparks, NV 89431"|"39.5549738, -119.7535297"|||lit|night|"Neon Sign -- http://id.worldcat.org/fast/1035830, Neon Lighting -- http://id.worldcat.org/fast/1035826, Neon Sculpture -- http://id.worldcat.org/fast/1035829, Salon -- http://id.worldcat.org/fast/1104198"||https://creativecommons.org/licenses/by/4.0/|image/jpeg|image|"Digitized materials: physical originals are not held by UNLV Special Collections and Archives"|"Northern Nevada Neon"|"(TBD by UNLV)"|"(TBD by UNLV)"|"University of Nevada, Las Vegas University Libraries"||Exterior|||2020
|NNN000748-001|||||||||||||||||||||||||||
|NNN000748-002|||||||||||||||||||||||||||
"7/19/2021 12:00"|NNN000749|"DSC_0804.Trip2.JPG; DSC_0805.Trip2.JPG; DSC_0810.Trip2.JPG"|"Silver Dollar Club wall mounted signs, Elko, Nevada"|"<p>View of the Silver Dollar Club in the evening with unlit neon. The business closed in early 2020.</p>"|"Durham, Will"|1933|"Silver Dollar"|"400 Commercial St, Elko, NV 89801"|"40.8309244, -115.7623965"|||unlit|day|"Neon Sign -- http://id.worldcat.org/fast/1035830, Neon Lighting -- http://id.worldcat.org/fast/1035826, Neon Sculpture -- http://id.worldcat.org/fast/1035829, Bars (Drinking establishments) -- http://id.worldcat.org/fast/827779"||https://creativecommons.org/licenses/by/4.0/|image/jpeg|image|"Digitized materials: physical originals are not held by UNLV Special Collections and Archives"|"Northern Nevada Neon"|"(TBD by UNLV)"|"(TBD by UNLV)"|"University of Nevada, Las Vegas University Libraries"||Exterior|||2020
|NNN000749-001|||||||||||||||||||||||||||
|NNN000749-002|||||||||||||||||||||||||||
|NNN000749-003|||||||||||||||||||||||||||
"7/19/2021 12:07"|NNN000750|"DSC_0447.Trip2.JPG; DSC_0448.Trip2.JPG; DSC_0449.Trip2.JPG"|"Silver Dollar Motor Lodge flag mounted sign, Reno Nevada"|"<p>View of the flag mounted sign for the Silver Dollar Motor Lodge during the day with unlit neon, including a view of the painted sign above the office.</p>"|"Durham, Will"|XXXX|"Silver Dollar Motor Lodge"|"817 N Virginia St, Reno, NV 89501"|"39.5352121, -119.8161383"|||unlit|day|"Neon Sign -- http://id.worldcat.org/fast/1035830, Neon Lighting -- http://id.worldcat.org/fast/1035826, Neon Sculpture -- http://id.worldcat.org/fast/1035829, Motels -- http://id.worldcat.org/fast/1026838"||https://creativecommons.org/licenses/by/4.0/|image/jpeg|image|"Digitized materials: physical originals are not held by UNLV Special Collections and Archives"|"Northern Nevada Neon"|"(TBD by UNLV)"|"(TBD by UNLV)"|"University of Nevada, Las Vegas University Libraries"||Exterior|||2016~/2020~
|NNN000750-001|||||||||||||||||||||||||||
|NNN000750-002|||||||||||||||||||||||||||
|NNN000750-003|||||||||||||||||||||||||||
"7/19/2021 12:20"|NNN000751|"DSC_0233.Trip2.JPG; DSC_0234.Trip2.JPG; DSC_0235.Trip2.JPG; DSC_0236.Trip2.JPG"|"Silver Queen Inn mounted sign, Carson City, Nevada"|"<p>Views of the mounted sign for the Silver Queen Inn during the day with unlit neon. The business is permanently closed.</p>"|"Durham, Will"|XXXX|"Silver Queen Inn"|"201 W Caroline St, Carson City, NV 89703"|"39.1676341, -119.7680733"|||unlit|day|"Neon Sign -- http://id.worldcat.org/fast/1035830, Neon Lighting -- http://id.worldcat.org/fast/1035826, Neon Sculpture -- http://id.worldcat.org/fast/1035829, Motels -- http://id.worldcat.org/fast/1026838"||https://creativecommons.org/licenses/by/4.0/|image/jpeg|image|"Digitized materials: physical originals are not held by UNLV Special Collections and Archives"|"Northern Nevada Neon"|"(TBD by UNLV)"|"(TBD by UNLV)"|"University of Nevada, Las Vegas University Libraries"||Exterior|||2016~/2020~
|NNN000751-001|||||||||||||||||||||||||||
|NNN000751-002|||||||||||||||||||||||||||
|NNN000751-003|||||||||||||||||||||||||||
|NNN000751-004|||||||||||||||||||||||||||
"7/19/2021 12:37"|NNN000752|"DSC_0460.Trip2.JPG; DSC_0459.Trip2.JPG"|"SK Noodle wall mounted sign, Sparks, Nevada"|"<p>The wall mounted sign for SK Noodle in Sparks with lit neon at night.</p>"|"Durham, Will"|XXXX|"SK Noodle"|"2955 N McCarran Blvd Suite 104, Sparks, NV 89431"|"39.5552572, -119.7548868"|||lit|night|"Neon Sign -- http://id.worldcat.org/fast/1035830, Neon Lighting -- http://id.worldcat.org/fast/1035826, Neon Sculpture -- http://id.worldcat.org/fast/1035829, Restaurant -- http://id.worldcat.org/fast/1095907"||https://creativecommons.org/licenses/by/4.0/|image/jpeg|image|"Digitized materials: physical originals are not held by UNLV Special Collections and Archives"|"Northern Nevada Neon"|"(TBD by UNLV)"|"(TBD by UNLV)"|"University of Nevada, Las Vegas University Libraries"||Exterior|||2016~/2020~
|NNN000752-001|||||||||||||||||||||||||||
|NNN000752-002|||||||||||||||||||||||||||
"7/19/2021 12:51"|NNN000753|"DSC_0301.Trip2.JPG; DSC_0302.Trip2.JPG; DSC_0306.Trip2.JPG"|"Slot World Casino double mounted sign, Carson City, Nevada"|"<p>The double mounted sign for Slot World at dusk with lit neon.</p>"|"Durham, Will"|XXXX|"Slot World"|"3879 US-50 E, Carson City, NV 89701"|"39.1793688, -119.7244152"|||lit|dusk|"Neon Sign -- http://id.worldcat.org/fast/1035830, Neon Lighting -- http://id.worldcat.org/fast/1035826, Neon Sculpture -- http://id.worldcat.org/fast/1035829, Casinos -- http://id.worldcat.org/fast/848246"||https://creativecommons.org/licenses/by/4.0/|image/jpeg|image|"Digitized materials: physical originals are not held by UNLV Special Collections and Archives"|"Northern Nevada Neon"|"(TBD by UNLV)"|"(TBD by UNLV)"|"University of Nevada, Las Vegas University Libraries"||Exterior|||2016~/2020~
|NNN000753-001|||||||||||||||||||||||||||
|NNN000753-002|||||||||||||||||||||||||||
|NNN000753-003|||||||||||||||||||||||||||
"7/19/2021 12:54"|NNN000754|"DSC_0295.Trip2.JPG; DSC_0296.Trip2.JPG; DSC_0297.Trip2.JPG; DSC_0299.Trip2.JPG"|"Betsy's Big Kitchen flag mounted wall sign, Carson City, Nevada"|"<p>Views of the flag mounted wall sign for Betsy's Big Kitchen at dusk with lit neon. The restaurant is a part of the Slot World Casino.</p>"|"Durham, Will"|XXXX|"Betsy's Big Kitchen"|"3879 US-50 E, Carson City, NV 89701"|"39.1793688, -119.7244152"|||lit|dusk|"Neon Sign -- http://id.worldcat.org/fast/1035830, Neon Lighting -- http://id.worldcat.org/fast/1035826, Neon Sculpture -- http://id.worldcat.org/fast/1035829, Casinos -- http://id.worldcat.org/fast/848246, Restaurant -- http://id.worldcat.org/fast/1095907"||https://creativecommons.org/licenses/by/4.0/|image/jpeg|image|"Digitized materials: physical originals are not held by UNLV Special Collections and Archives"|"Northern Nevada Neon"|"(TBD by UNLV)"|"(TBD by UNLV)"|"University of Nevada, Las Vegas University Libraries"||Exterior|||2016~/2020~
|NNN000754-001|||||||||||||||||||||||||||
|NNN000754-002|||||||||||||||||||||||||||
|NNN000754-003|||||||||||||||||||||||||||
|NNN000754-004|||||||||||||||||||||||||||
"7/19/2021 13:00"|NNN000755|DSC_0931.Trip2.JPG|"Stampede Motel flag mounted sign, Elko, Nevada"|"<p>The flag mounted sign for the Stampede Motel at night with lit neon.</p>"|"Durham, Will"|XXXX|"Stampede Motel"|"129 Idaho St, Elko, NV 89801"|"40.830101, -115.7667141"|||lit|night|"Neon Sign -- http://id.worldcat.org/fast/1035830, Neon Lighting -- http://id.worldcat.org/fast/1035826, Neon Sculpture -- http://id.worldcat.org/fast/1035829, Motels -- http://id.worldcat.org/fast/1026838"||https://creativecommons.org/licenses/by/4.0/|image/jpeg|image|"Digitized materials: physical originals are not held by UNLV Special Collections and Archives"|"Northern Nevada Neon"|"(TBD by UNLV)"|"(TBD by UNLV)"|"University of Nevada, Las Vegas University Libraries"||Exterior|||2016~/2020~
|NNN000755-001|||||||||||||||||||||||||||
"7/19/2021 13:08"|NNN000756|"DSC_0436.Trip2.JPG; DSC_0437.Trip2.JPG; DSC_0440.Trip2.JPG"|"Stardust Lodge mounted sign, South Lake Tahoe, California"|"<p>View of the Stardust Lodge mounted sign during the day with lit neon.</p>"|"Durham, Will"|XXXX|"Stardust Lodge"|"4061 Lake Tahoe Blvd, South Lake Tahoe, CA 96150"|"38.9566955, -119.944353"|||lit|day|"Neon Sign -- http://id.worldcat.org/fast/1035830, Neon Lighting -- http://id.worldcat.org/fast/1035826, Neon Sculpture -- http://id.worldcat.org/fast/1035829, Motels -- http://id.worldcat.org/fast/1026838"||https://creativecommons.org/licenses/by/4.0/|image/jpeg|image|"Digitized materials: physical originals are not held by UNLV Special Collections and Archives"|"Northern Nevada Neon"|"(TBD by UNLV)"|"(TBD by UNLV)"|"University of Nevada, Las Vegas University Libraries"||Exterior|||2016~/2020~
|NNN000756-001|||||||||||||||||||||||||||
|NNN000756-002|||||||||||||||||||||||||||
|NNN000756-003|||||||||||||||||||||||||||
"7/19/2021 13:16"|NNN000757|"DSC_0808.Trip2.JPG; DSC_0809.Trip2.JPG; DSC_0817.Trip2.JPG"|"Stockmen's wall mounted signs, Elko, Nevada"|"<p>Views of the wall mounted signs for Stockmen's during the day with lit and unlit neon.</p>"|"Durham, Will"|XXXX|Stockmen's|"340 Commercial St, Elko, NV 89801"|"40.8306167, -115.7628276"|||"lit, unlit"|day|"Neon Sign -- http://id.worldcat.org/fast/1035830, Neon Lighting -- http://id.worldcat.org/fast/1035826, Neon Sculpture -- http://id.worldcat.org/fast/1035829, Casinos -- http://id.worldcat.org/fast/848246, Hotels -- http://id.worldcat.org/fast/961767"||https://creativecommons.org/licenses/by/4.0/|image/jpeg|image|"Digitized materials: physical originals are not held by UNLV Special Collections and Archives"|"Northern Nevada Neon"|"(TBD by UNLV)"|"(TBD by UNLV)"|"University of Nevada, Las Vegas University Libraries"||Exterior|||2016~/2020~
|NNN000757-001|||||||||||||||||||||||||||
|NNN000757-002|||||||||||||||||||||||||||
|NNN000757-003|||||||||||||||||||||||||||
"7/21/2021 18:40"|NNN000758|"DSC_0635.Trip2.JPG; DSC_0636.Trip2.JPG; DSC_0637.Trip2.JPG; DSC_0638.Trip2.JPG; DSC_0754.Trip2.JPG; DSC_0755.Trip2.JPG"|"Sundance Casino wall mounted sign, Winnemucca, Nevada"|"<p>Views of the wall mounted sign for the Sundance Casino during the day and at night, including views of the flag mounted and marquee signs.</p>"|"Durham, Will"|XXXX|"Sundance Casino"|"33 W Winnemucca Blvd, Winnemucca, NV 89445"|"40.9731663, -117.7351235"|||"lit, unlit"|"day, night"|"Neon Sign -- http://id.worldcat.org/fast/1035830, Neon Lighting -- http://id.worldcat.org/fast/1035826, Neon Sculpture -- http://id.worldcat.org/fast/1035829, Casinos -- http://id.worldcat.org/fast/848246"||https://creativecommons.org/licenses/by/4.0/|image/jpeg|image|"Digitized materials: physical originals are not held by UNLV Special Collections and Archives"|"Northern Nevada Neon"|"(TBD by UNLV)"|"(TBD by UNLV)"|"University of Nevada, Las Vegas University Libraries"||Exterior|||2016~/2020~
|NNN000758-001|||||||||||||||||||||||||||
|NNN000758-002|||||||||||||||||||||||||||
|NNN000758-003|||||||||||||||||||||||||||
|NNN000758-004|||||||||||||||||||||||||||
|NNN000758-005|||||||||||||||||||||||||||
|NNN000758-006|||||||||||||||||||||||||||
"7/21/2021 18:43"|NNN000759|"DSC_0639.Trip2.JPG; DSC_0640.Trip2.JPG; DSC_0643.Trip2.JPG; DSC_0646.Trip2.JPG"|"Sundance Casino flag mounted and marquee signs, Winnemucca, Nevada"|"<p>Views of the flag mounted and marquee signs for the Sundance Casino at night.</p>"|"Durham, Will"|XXXX|"Sundance Casino"|"33 W Winnemucca Blvd, Winnemucca, NV 89445"|"40.9731663, -117.7351235"|||lit|night|"Neon Sign -- http://id.worldcat.org/fast/1035830, Neon Lighting -- http://id.worldcat.org/fast/1035826, Neon Sculpture -- http://id.worldcat.org/fast/1035829, Casinos -- http://id.worldcat.org/fast/848246"||https://creativecommons.org/licenses/by/4.0/|image/jpeg|image|"Digitized materials: physical originals are not held by UNLV Special Collections and Archives"|"Northern Nevada Neon"|"(TBD by UNLV)"|"(TBD by UNLV)"|"University of Nevada, Las Vegas University Libraries"||Exterior|||2016~/2020~
|NNN000759-001|||||||||||||||||||||||||||
|NNN000759-002|||||||||||||||||||||||||||
|NNN000759-003|||||||||||||||||||||||||||
|NNN000759-004|||||||||||||||||||||||||||
"7/21/2021 19:08"|NNN000760|"DSC_0399.Trip2.JPG; DSC_0400.Trip2.JPG; DSC_0401.Trip2.JPG; DSC_0403.Trip2.JPG; DSC_0404.Trip2.JPG; DSC_0405.Trip2.JPG; DSC_0645.Trip4.JPG; DSC_0647.Trip4.JPG; DSC_0648.Trip4.JPG"|"Sunset Motel double mounted, flag mounted, and wall mounted signs, Reno, Nevada"|"<p>View of the Sunset Motel during the day with unlit neon.</p>"|"Durham, Will"|XXXX|"Sunset Motel"|"2091 W 4th St, Reno, NV 89503"|"39.5235805, -119.8379028"|||unlit|day|"Neon Sign -- http://id.worldcat.org/fast/1035830, Neon Lighting -- http://id.worldcat.org/fast/1035826, Neon Sculpture -- http://id.worldcat.org/fast/1035829, Motels -- http://id.worldcat.org/fast/1026838"||https://creativecommons.org/licenses/by/4.0/|image/jpeg|image|"Digitized materials: physical originals are not held by UNLV Special Collections and Archives"|"Northern Nevada Neon"|"(TBD by UNLV)"|"(TBD by UNLV)"|"University of Nevada, Las Vegas University Libraries"||Exterior|||2016~/2020~
|NNN000760-001|||||||||||||||||||||||||||
|NNN000760-002|||||||||||||||||||||||||||
|NNN000760-003|||||||||||||||||||||||||||
|NNN000760-004|||||||||||||||||||||||||||
|NNN000760-005|||||||||||||||||||||||||||
|NNN000760-006|||||||||||||||||||||||||||
|NNN000760-007|||||||||||||||||||||||||||
|NNN000760-008|||||||||||||||||||||||||||
|NNN000760-009|||||||||||||||||||||||||||
"7/21/2021 19:13"|NNN000761|"DSC_0711.Trip2.JPG; DSC_0712.Trip2.JPG"|"Taco Time wall mounted sign, Winnemucca, Nevada"|"<p>View of the wall mounted sign for Taco Time during the day with unlit neon. The business is permanently closed.</p>"|"Durham, Will"|XXXX|"Taco Time"|"1400 W Winnemucca Blvd, Winnemucca, NV 89445"|"40.9642556, -117.7444156"|||unlit|day|"Neon Sign -- http://id.worldcat.org/fast/1035830, Neon Lighting -- http://id.worldcat.org/fast/1035826, Neon Sculpture -- http://id.worldcat.org/fast/1035829, Restaurant -- http://id.worldcat.org/fast/1095907"||https://creativecommons.org/licenses/by/4.0/|image/jpeg|image|"Digitized materials: physical originals are not held by UNLV Special Collections and Archives"|"Northern Nevada Neon"|"(TBD by UNLV)"|"(TBD by UNLV)"|"University of Nevada, Las Vegas University Libraries"||Exterior|||2016~/2020~
|NNN000761-001|||||||||||||||||||||||||||
|NNN000761-002|||||||||||||||||||||||||||
"7/21/2021 19:19"|NNN000762|DSC_0320.Trip2.JPG|"Tahoe Motel mounted sign, Reno, Nevada"|"<p>View of the Tahoe Motel mounted sign during the day.</p>"|"Durham, Will"|XXXX|"Tahoe Motel"|"1650 E 4th St, Reno, NV 89512"|"39.5333214, -119.7930328"|||unlit|day|"Neon Sign -- http://id.worldcat.org/fast/1035830, Neon Lighting -- http://id.worldcat.org/fast/1035826, Neon Sculpture -- http://id.worldcat.org/fast/1035829, Motels -- http://id.worldcat.org/fast/1026838"||https://creativecommons.org/licenses/by/4.0/|image/jpeg|image|"Digitized materials: physical originals are not held by UNLV Special Collections and Archives"|"Northern Nevada Neon"|"(TBD by UNLV)"|"(TBD by UNLV)"|"University of Nevada, Las Vegas University Libraries"||Exterior|||2016~/2020~
|NNN000762-001|||||||||||||||||||||||||||
"7/21/2021 19:52"|NNN000763|DSC_0321.Trip2.JPG|"Tahoe Motel wall mounted signs, Reno, Nevada"|"<p>View of the wall mounted signs for the office of the Tahoe Motel.</p>"|"Durham, Will"|XXXX|"Tahoe Motel"|"1650 E 4th St, Reno, NV 89512"|"39.5333214, -119.7930328"|||unlit|day|"Neon Sign -- http://id.worldcat.org/fast/1035830, Neon Lighting -- http://id.worldcat.org/fast/1035826, Neon Sculpture -- http://id.worldcat.org/fast/1035829, Motels -- http://id.worldcat.org/fast/1026838"||https://creativecommons.org/licenses/by/4.0/|image/jpeg|image|"Digitized materials: physical originals are not held by UNLV Special Collections and Archives"|"Northern Nevada Neon"|"(TBD by UNLV)"|"(TBD by UNLV)"|"University of Nevada, Las Vegas University Libraries"||Exterior|||2016~/2020~
|NNN000763-001|||||||||||||||||||||||||||
"7/21/2021 20:09"|NNN000764|"DSC_0905.Trip2.JPG; DSC_0907.Trip2.JPG; DSC_0090.Trip3.JPG; DSC_0095.Trip3.JPG"|"Telescope Lanes flag mounted sign, Elko, Nevada"|"<p>View of the flag mounted sign for the Telescope Lanes at night and during the day.</p>"|"Durham, Will"|XXXX|"Telescope Lanes"|"346 W Silver St, Elko, NV 89801"|"40.8300749, -115.7620036"|||"lit, unlit"|"day, night"|"Neon Sign -- http://id.worldcat.org/fast/1035830, Neon Lighting -- http://id.worldcat.org/fast/1035826, Neon Sculpture -- http://id.worldcat.org/fast/1035829"||https://creativecommons.org/licenses/by/4.0/|image/jpeg|image|"Digitized materials: physical originals are not held by UNLV Special Collections and Archives"|"Northern Nevada Neon"|"(TBD by UNLV)"|"(TBD by UNLV)"|"University of Nevada, Las Vegas University Libraries"||Exterior|||2016~/2020~
|NNN000764-001|||||||||||||||||||||||||||
|NNN000764-002|||||||||||||||||||||||||||
|NNN000764-003|||||||||||||||||||||||||||
|NNN000764-004|||||||||||||||||||||||||||
"7/21/2021 20:20"|NNN000765|DSC_0911.Trip2.JPG|"Blind Onion Pizza & Pub wall mounted sign, Elko, Nevada"|"<p>View of the wall mounted sign for the Blind Onion Pizza & Pub in Elko with lit neon.</p>"|"Durham, Will"|2009|"Blind Onion"|"346 W Silver St, Elko, NV 89801"|"40.8300749, -115.7620036"|||lit|night|"Neon Sign -- http://id.worldcat.org/fast/1035830, Neon Lighting -- http://id.worldcat.org/fast/1035826, Neon Sculpture -- http://id.worldcat.org/fast/1035829, Bars (Drinking establishments) -- http://id.worldcat.org/fast/827779, Restaurant -- http://id.worldcat.org/fast/1095907"||https://creativecommons.org/licenses/by/4.0/|image/jpeg|image|"Digitized materials: physical originals are not held by UNLV Special Collections and Archives"|"Northern Nevada Neon"|"(TBD by UNLV)"|"(TBD by UNLV)"|"University of Nevada, Las Vegas University Libraries"||Exterior|||2016~/2020~
|NNN000765-001|||||||||||||||||||||||||||
"7/21/2021 20:35"|NNN000766|"DSC_0598.Trip2.JPG; DSC_0600.Trip2.JPG; DSC_0685.Trip2.JPG; DSC_0686.Trip2.JPG; DSC_0688.Trip2.JPG"|"The Griddle flag mounted sign, Winnemucca, Nevada"|"<p>Views of the mounted sign for The Griddle during the day and at night.</p>"|"Durham, Will"|XXXX|"The Griddle"|"460 W Winnemucca Blvd, Winnemucca, NV 89445"|"40.9702798, -117.7393748"|||"lit, unlit"|day|"Neon Sign -- http://id.worldcat.org/fast/1035830, Neon Lighting -- http://id.worldcat.org/fast/1035826, Neon Sculpture -- http://id.worldcat.org/fast/1035829, Restaurant -- http://id.worldcat.org/fast/1095907"||https://creativecommons.org/licenses/by/4.0/|image/jpeg|image|"Digitized materials: physical originals are not held by UNLV Special Collections and Archives"|"Northern Nevada Neon"|"(TBD by UNLV)"|"(TBD by UNLV)"|"University of Nevada, Las Vegas University Libraries"||Exterior|||2016~/2020~
|NNN000766-001|||||||||||||||||||||||||||
|NNN000766-002|||||||||||||||||||||||||||
|NNN000766-003|||||||||||||||||||||||||||
|NNN000766-004|||||||||||||||||||||||||||
|NNN000766-005|||||||||||||||||||||||||||
"7/21/2021 20:43"|NNN000767|"DSC_0251.Trip2.JPG; DSC_0252.Trip2.JPG; DSC_0253.Trip2.JPG; DSC_0254.Trip2.JPG; DSC_0255.Trip2.JPG; DSC_0256.Trip2.JPG"|"The Lace flag mounted sign, Carson City, Nevada"|"<p>View of a sign for The Lace at dusk with unlit neon.</p>"|"Durham, Will"|XXXX||||||unlit|dusk|"Neon Sign -- http://id.worldcat.org/fast/1035830, Neon Lighting -- http://id.worldcat.org/fast/1035826, Neon Sculpture -- http://id.worldcat.org/fast/1035829"||https://creativecommons.org/licenses/by/4.0/|image/jpeg|image|"Digitized materials: physical originals are not held by UNLV Special Collections and Archives"|"Northern Nevada Neon"|"(TBD by UNLV)"|"(TBD by UNLV)"|"University of Nevada, Las Vegas University Libraries"||Exterior|||2016~/2020~
|NNN000767-001|||||||||||||||||||||||||||
|NNN000767-002|||||||||||||||||||||||||||
|NNN000767-003|||||||||||||||||||||||||||
|NNN000767-004|||||||||||||||||||||||||||
|NNN000767-005|||||||||||||||||||||||||||
|NNN000767-006|||||||||||||||||||||||||||
"7/22/2021 18:39"|NNN000768|"DSC_0725.Trip2.JPG; DSC_0728.Trip2.JPG; DSC_0586.Trip2.JPG; DSC_0590.Trip2.JPG; DSC_0591.Trip2.JPG"|"The Pig BBQ & Pub wall mounted signs, Winnemucca, Nevada"|"<p>Views of the wall mounted signs for The Pig during the day and at night.</p>"|"Durham, Will"|XXXX|"The Pig"|"1139 W Winnemucca Blvd, Winnemucca, NV 89445"|"40.9645335, -117.7432528"|||"lit, unlit"|"day, night"|"Neon Sign -- http://id.worldcat.org/fast/1035830, Neon Lighting -- http://id.worldcat.org/fast/1035826, Neon Sculpture -- http://id.worldcat.org/fast/1035829, Bars (Drinking establishments) -- http://id.worldcat.org/fast/827779, Restaurant -- http://id.worldcat.org/fast/1095907"||https://creativecommons.org/licenses/by/4.0/|image/jpeg|image|"Digitized materials: physical originals are not held by UNLV Special Collections and Archives"|"Northern Nevada Neon"|"(TBD by UNLV)"|"(TBD by UNLV)"|"University of Nevada, Las Vegas University Libraries"||Exterior|||2016~/2020~
|NNN000768-001|||||||||||||||||||||||||||
|NNN000768-002|||||||||||||||||||||||||||
|NNN000768-003|||||||||||||||||||||||||||
|NNN000768-004|||||||||||||||||||||||||||
|NNN000768-005|||||||||||||||||||||||||||
"7/22/2021 18:41"|NNN000769|"DSC_0730.Trip2.JPG; DSC_0584.Trip2.JPG"|"The Pig BBQ & Bar wall mounted signs, Winnemucca, Nevada"|"<p>Views of the wall mounted sign for The Pig during the day and at night.</p>"|"Durham, Will"|XXXX|"The Pig"|"1139 W Winnemucca Blvd, Winnemucca, NV 89445"|"40.9645335, -117.7432528"|||"lit, unlit"|"day, night"|"Neon Sign -- http://id.worldcat.org/fast/1035830, Neon Lighting -- http://id.worldcat.org/fast/1035826, Neon Sculpture -- http://id.worldcat.org/fast/1035829, Bars (Drinking establishments) -- http://id.worldcat.org/fast/827779, Restaurant -- http://id.worldcat.org/fast/1095907"||https://creativecommons.org/licenses/by/4.0/|image/jpeg|image|"Digitized materials: physical originals are not held by UNLV Special Collections and Archives"|"Northern Nevada Neon"|"(TBD by UNLV)"|"(TBD by UNLV)"|"University of Nevada, Las Vegas University Libraries"||Exterior|||2016~/2020~
|NNN000769-001|||||||||||||||||||||||||||
|NNN000769-002|||||||||||||||||||||||||||
"7/22/2021 18:50"|NNN000770|DSC_0046.Trip2.JPG|"The Point Night Club roof mounted sign, Reno, Nevada"|"<p>View of the roof mounted sign for The Point during the day.</p>"|"Durham, Will"|XXXX|"The Point"|"1601 S Virginia St, Reno, NV 89502"|"39.5082623, -119.8047286"|||unlit|day|"Neon Sign -- http://id.worldcat.org/fast/1035830, Neon Lighting -- http://id.worldcat.org/fast/1035826, Neon Sculpture -- http://id.worldcat.org/fast/1035829, Nightclub -- http://id.worldcat.org/fast/1037674"||https://creativecommons.org/licenses/by/4.0/|image/jpeg|image|"Digitized materials: physical originals are not held by UNLV Special Collections and Archives"|"Northern Nevada Neon"|"(TBD by UNLV)"|"(TBD by UNLV)"|"University of Nevada, Las Vegas University Libraries"||Exterior|||2016~/2020~
|NNN000770-001|||||||||||||||||||||||||||
"7/22/2021 18:52"|NNN000771|DSC_0044.Trip2.JPG|"The Point Night Club wall mounted sign, Reno, Nevada"|"<p>View of the wall mounted sign for the entrance of The Point during the day.</p>"|"Durham, Will"|XXXX|"The Point"|"601 S Virginia St, Reno, NV 89502"|"39.5190761, -119.8102389"|||unlit|day|"Neon Sign -- http://id.worldcat.org/fast/1035830, Neon Lighting -- http://id.worldcat.org/fast/1035826, Neon Sculpture -- http://id.worldcat.org/fast/1035829, Nightclub -- http://id.worldcat.org/fast/1037674"||https://creativecommons.org/licenses/by/4.0/|image/jpeg|image|"Digitized materials: physical originals are not held by UNLV Special Collections and Archives"|"Northern Nevada Neon"|"(TBD by UNLV)"|"(TBD by UNLV)"|"University of Nevada, Las Vegas University Libraries"||Exterior|||2016~/2020~
|NNN000771-001|||||||||||||||||||||||||||
